image_urls,filename,name,category
,,a mannequin standing in front of a green screen,3D Renders
https://unsplash.com/photos/KeIJEFbC630/download?ixid=M3wxMjA3fDB8MXxhbGx8fHx8fHx8fHwxNzExNDU2Njc5fA&force=true,unsplash_images\a_painting_of_a_rocky_landscape_with_mountains_in_the_background-afd1e52fc4c9bc1f4efc116f29d0b9ae1e721480.jpg,a painting of a rocky landscape with mountains in the background,Editorial
https://unsplash.com/photos/X1jSIC8spsQ/download?ixid=M3wxMjA3fDB8MXxhbGx8fHx8fHx8fHwxNzExNDU3MTg5fA&force=true,unsplash_images\a_bicycle_with_a_basket_full_of_flowers-c345b78bb810124d5d65472598638e35bb52d2c0.jpg,a bicycle with a basket full of flowers,Spring
https://unsplash.com/photos/ik8U92e8cBQ/download?ixid=M3wxMjA3fDB8MXxhbGx8fHx8fHx8fHwxNzExNDU3MTkwfA&force=true,unsplash_images\a_person_standing_on_a_cliff_overlooking_the_ocean-114c0f9ded3d67e9f6054f63ab80c53e92134ae3.jpg,a person standing on a cliff overlooking the ocean,"Wallpapers,Nature"
https://unsplash.com/photos/wPUzHUFDrHE/download?ixid=M3wxMjA3fDB8MXxhbGx8fHx8fHx8fHwxNzExNDU3MTkyfA&force=true,unsplash_images\a_lake_with_trees_and_mountains_in_the_background-a83ed7e6c7fc799b2e5a414d3dede68fb4a4f437.jpg,a lake with trees and mountains in the background,Nature
,,a green room with a camera and some lights,3D Renders
,,a room with a green screen and a tripod,3D Renders
https://unsplash.com/photos/xDlJxifrRbw/download?ixid=M3wxMjA3fDB8MXxhbGx8fHx8fHx8fHwxNzExNDU3MTk4fA&force=true,unsplash_images\an_aerial_view_of_a_body_of_water-269d100cb5b96c9f3fa4f6476f8467538656b6a0.jpg,an aerial view of a body of water,3D Renders
https://unsplash.com/photos/lDy7jcXiUnQ/download?ixid=M3wxMjA3fDB8MXxhbGx8fHx8fHx8fHwxNzExNDU3MjAwfA&force=true,unsplash_images\background_pattern-93dc67c171b6146838d316f51e721cb678480868.jpg,background pattern,"Editorial,3D Renders,Textures & Patterns"
https://unsplash.com/photos/kYdMZb8BWmw/download?ixid=M3wxMjA3fDB8MXxhbGx8fHx8fHx8fHwxNzExNDU3MjAxfA&force=true,unsplash_images\a_green_background_with_bubbles_and_bubbles-772a8c67a0df822859592ea011f1b3204557984e.jpg,a green background with bubbles and bubbles,"3D Renders,Wallpapers"
,,a film projector sitting on top of a pile of discs,3D Renders
,,a picture of a director's chair with the word director on it,3D Renders
https://unsplash.com/photos/RcSus1rXBbQ/download?ixid=M3wxMjA3fDB8MXxhbGx8fHx8fHx8fHwxNzExNDU3MjA4fA&force=true,unsplash_images\a_group_of_metal_objects_on_a_green_background-529084ee84a894e653a341e4ff80fbec18da52aa.jpg,a group of metal objects on a green background,3D Renders
https://unsplash.com/photos/Jd3D8OmIP-o/download?ixid=M3wxMjA3fDB8MXxhbGx8fHx8fHx8fHwxNzExNDU2NzEzfA&force=true,unsplash_images\a_colorful_sculpture_is_shown_in_a_white_room-f18c7352c3a1664b92a33c1a9356716161a6bc5f.jpg,a colorful sculpture is shown in a white room,"Editorial,3D Renders"
https://unsplash.com/photos/VAT38N4IR0A/download?ixid=M3wxMjA3fDB8MXxhbGx8fHx8fHx8fHwxNzExNDU2ODU0fA&force=true,unsplash_images\a_group_of_blue_bubbles_floating_on_top_of_a_white_surface-7abd27496539947127d7198f72051a72a62e5494.jpg,a group of blue bubbles floating on top of a white surface,3D Renders
https://unsplash.com/photos/yURMnZ-WJ9k/download?ixid=M3wxMjA3fDB8MXxhbGx8fHx8fHx8fHwxNzExNDU2ODU2fA&force=true,unsplash_images\a_picture_frame_sitting_on_top_of_a_blueprint-678121fedff9cc5b1049051477e216de15045372.jpg,a picture frame sitting on top of a blueprint,3D Renders
image_urls,filename,name,category
,,,
,,,
,,a mannequin standing in front of a green screen,3D Renders
,,,
,,,
https://unsplash.com/photos/lDy7jcXiUnQ/download?ixid=M3wxMjA3fDB8MXxhbGx8fHx8fHx8fHwxNzExNDUzMjAwfA&force=true,unsplash_images\background_pattern-967dfa18b0333d6c4d4f989e1c399ad971e8dc49.jpg,background pattern,"Editorial,3D Renders,Textures & Patterns"
https://unsplash.com/photos/kYdMZb8BWmw/download?ixid=M3wxMjA3fDB8MXxhbGx8fHx8fHx8fHwxNzExNDUzMzY4fA&force=true,unsplash_images\a_green_background_with_bubbles_and_bubbles-ba2581a09a28a48a7ce86ceb8ca063c9120f8969.jpg,a green background with bubbles and bubbles,"3D Renders,Wallpapers"
,,,
,,,
,,,
,,a film projector sitting on top of a pile of discs,3D Renders
,,a picture of a director's chair with the word director on it,3D Renders
https://unsplash.com/photos/VAT38N4IR0A/download?ixid=M3wxMjA3fDB8MXxhbGx8fHx8fHx8fHwxNzExNDU2ODU0fA&force=true,unsplash_images\a_group_of_blue_bubbles_floating_on_top_of_a_white_surface-7abd27496539947127d7198f72051a72a62e5494.jpg,a group of blue bubbles floating on top of a white surface,3D Renders
,,a film strip with a blue background,3D Renders
https://unsplash.com/photos/yURMnZ-WJ9k/download?ixid=M3wxMjA3fDB8MXxhbGx8fHx8fHx8fHwxNzExNDU2ODU2fA&force=true,unsplash_images\a_picture_frame_sitting_on_top_of_a_blueprint-678121fedff9cc5b1049051477e216de15045372.jpg,a picture frame sitting on top of a blueprint,3D Renders
https://unsplash.com/photos/3S74ubOVo-4/download?ixid=M3wxMjA3fDB8MXxhbGx8fHx8fHx8fHwxNzExNDU2ODU2fA&force=true,unsplash_images\a_picture_of_a_blue_and_white_object_hanging_on_a_wall-4072acaa13cd3190f0dc5beccc50ca471f691432.jpg,a picture of a blue and white object hanging on a wall,3D Renders
https://unsplash.com/photos/8ico7vRfHmA/download?ixid=M3wxMjA3fDB8MXxhbGx8fHx8fHx8fHwxNzExNDU1NjExfA&force=true,unsplash_images\a_white_and_blue_background_with_wavy_lines-0bbe99d8525b5ba1001847640dcd744102a7c8ab.jpg,a white and blue background with wavy lines,3D Renders
https://unsplash.com/photos/50HnsFIuSAQ/download?ixid=M3wxMjA3fDB8MXxhbGx8fHx8fHx8fHwxNzExNDU2ODYwfA&force=true,unsplash_images\an_aerial_view_of_a_large_group_of_icebergs-cdf81843b94328d5aca5e8df0e2b79094210be13.jpg,an aerial view of a large group of icebergs,"Editorial,3D Renders"
https://unsplash.com/photos/47VcKdL9LDs/download?ixid=M3wxMjA3fDB8MXxhbGx8fHx8fHx8fHwxNzExNDU2ODYwfA&force=true,unsplash_images\a_blue_archway_with_white_balls_on_the_floor-36d5fa5e70251168a1fa60a10d205be7e86b09cf.jpg,a blue archway with white balls on the floor,3D Renders
https://unsplash.com/photos/wPUzHUFDrHE/download?ixid=M3wxMjA3fDB8MXxhbGx8fHx8fHx8fHwxNzExNDUzMDUyfA&force=true,unsplash_images\a_lake_with_trees_and_mountains_in_the_background-9482c6ee548fc4fa38b50d6f18dae1d83358ce93.jpg,a lake with trees and mountains in the background,Nature
https://unsplash.com/photos/k9o7KiAzcis/download?ixid=M3wxMjA3fDB8MXxhbGx8fHx8fHx8fHwxNzExNDU2ODYxfA&force=true,unsplash_images\a_cube_with_many_small_squares-822d46a6ef2ec7d4721d3a0a8edc1c8b9d5da22d.jpg,a cube with many small squares,3D Renders
https://unsplash.com/photos/TQl5bBHI04M/download?ixid=M3wxMjA3fDB8MXxhbGx8fHx8fHx8fHwxNzExNDU2ODYyfA&force=true,unsplash_images\a_group_of_three_glass_vases_sitting_next_to_each_other-b3b4d35d68be5e98f0ca4ef9d3430d95e9d4e342.jpg,a group of three glass vases sitting next to each other,"Editorial,3D Renders"
,,,
,,,
,,,
,,,
,,,
,,,
https://unsplash.com/photos/09uXZUpO5Ks/download?ixid=M3wxMjA3fDB8MXxhbGx8fHx8fHx8fHwxNzExNDU2ODU0fA&force=true,,,Nature
https://unsplash.com/photos/9Bs7b1cpek8/download?ixid=M3wxMjA3fDB8MXxhbGx8fHx8fHx8fHwxNzExNDU2ODYxfA&force=true,unsplash_images\venn_diagram-6c664677ec3eb663da80ed4034bca1c10ba5e798.jpg,venn diagram,3D Renders
https://unsplash.com/photos/bCwYbTmixiw/download?ixid=M3wxMjA3fDB8MXxhbGx8fHx8fHx8fHwxNzExNDU2NzE2fA&force=true,unsplash_images\a_tree_that_is_standing_in_the_water-df18c77bb8313f3341b6c779bd3a6e7f48b0c61b.jpg,a tree that is standing in the water,"Nature,Travel"
https://unsplash.com/photos/ik8U92e8cBQ/download?ixid=M3wxMjA3fDB8MXxhbGx8fHx8fHx8fHwxNzExNDUzMzIxfA&force=true,unsplash_images\a_person_standing_on_a_cliff_overlooking_the_ocean-0ced9f5b695b88067f6ac51168c3fe470f3b2d55.jpg,a person standing on a cliff overlooking the ocean,"Wallpapers,Nature"
https://unsplash.com/photos/1ddtb8az-Yo/download?ixid=M3wxMjA3fDB8MXxhbGx8fHx8fHx8fHwxNzExNDU2ODU1fA&force=true,unsplash_images\a_view_of_a_mountain_range_with_trees_in_the_foreground-f281006fce8eadc8fad05505c96be4dc4a049064.jpg,a view of a mountain range with trees in the foreground,Nature
https://unsplash.com/photos/5UPXxFSMuNw/download?ixid=M3wxMjA3fDB8MXxhbGx8fHx8fHx8fHwxNzExNDUyODk5fA&force=true,unsplash_images\a_bunch_of_flowers_that_are_on_a_tree-5a7f0fbd9ac91135b21549c84076c68eeeda3055.jpg,a bunch of flowers that are on a tree,Nature
https://unsplash.com/photos/8wDGQWMbAuA/download?ixid=M3wxMjA3fDB8MXxhbGx8fHx8fHx8fHwxNzExNDU2ODYwfA&force=true,unsplash_images\a_lake_surrounded_by_snow_covered_mountains_under_a_pink_sky-2d11fcf8b9fe88202a72372772380578d77bcd23.jpg,a lake surrounded by snow covered mountains under a pink sky,Nature
https://unsplash.com/photos/_TjbK90KZbo/download?ixid=M3wxMjA3fDB8MXxhbGx8fHx8fHx8fHwxNzExNDU2ODYwfA&force=true,unsplash_images\a_very_tall_mountain_with_a_lot_of_snow_on_it-a93d1089e935e4845337c2acea928ffa8ba5045b.jpg,a very tall mountain with a lot of snow on it,"Nature,Earth Hour"
https://unsplash.com/photos/NTIodyfKMIM/download?ixid=M3wxMjA3fDB8MXxhbGx8fHx8fHx8fHwxNzExNDU2ODYxfA&force=true,unsplash_images\a_mountain_with_a_large_rock_on_top_of_it-d2bec2bcf7edd54295c55812cc086467cf1d5c9f.jpg,a mountain with a large rock on top of it,"Nature,Earth Hour"
https://unsplash.com/photos/zolxrhzuo-A/download?ixid=M3wxMjA3fDB8MXxhbGx8fHx8fHx8fHwxNzExNDU2ODYxfA&force=true,unsplash_images\the_sun_shines_through_the_branches_of_a_tree-7ad11d61117d09b5db966b958f53d066b331ffab.jpg,the sun shines through the branches of a tree,"Nature,Earth Hour"
https://unsplash.com/photos/_qJjo9HvyBU/download?ixid=M3wxMjA3fDB8MXxhbGx8fHx8fHx8fHwxNzExNDUzNzIxfA&force=true,unsplash_images\a_large_body_of_water_surrounded_by_rocks-f65663b17a9cf6025db1512774152e2b5c390501.jpg,a large body of water surrounded by rocks,Nature
https://unsplash.com/photos/1RHcmGKHVY0/download?ixid=M3wxMjA3fDB8MXxhbGx8fHx8fHx8fHwxNzExNDU2ODU4fA&force=true,unsplash_images\a_large_body_of_water_surrounded_by_mountains-1ec2bff6b961851d8e4325acc1ee72b93b148799.jpg,a large body of water surrounded by mountains,Earth Hour
https://unsplash.com/photos/X_-r-fBTusk/download?ixid=M3wxMjA3fDB8MXxhbGx8fHx8fHx8fHwxNzExNDU2ODU4fA&force=true,unsplash_images\a_tree_in_a_field_with_the_sun_in_the_background-546da661879efd53a64966f844052d998a716cc2.jpg,a tree in a field with the sun in the background,Earth Hour
https://unsplash.com/photos/g1PFU1aVUXA/download?ixid=M3wxMjA3fDB8MXxhbGx8fHx8fHx8fHwxNzExNDU2ODU4fA&force=true,unsplash_images\a_lone_red_flower_in_a_grassy_field-f068584bff35f9b676065e4a0eed41bbdda273f0.jpg,a lone red flower in a grassy field,Earth Hour
https://unsplash.com/photos/_mLQTJWq7n0/download?ixid=M3wxMjA3fDB8MXxhbGx8fHx8fHx8fHwxNzExNDU2ODU4fA&force=true,unsplash_images\a_couple_of_elephants_standing_on_top_of_a_grass_covered_field-82814ff877789fe36fe3d9708ffa2e106cb1d24e.jpg,a couple of elephants standing on top of a grass covered field,"Nature,Travel,Earth Hour"
https://unsplash.com/photos/3TBnX74mRGM/download?ixid=M3wxMjA3fDB8MXxhbGx8fHx8fHx8fHwxNzExNDU2ODU4fA&force=true,unsplash_images\a_warthog_looking_at_something_in_its_mouth-4a0ee9fc7631794a50b25fb13d270b18285cdd8f.jpg,a warthog looking at something in its mouth,Earth Hour
https://unsplash.com/photos/r4SctUfejvE/download?ixid=M3wxMjA3fDB8MXxhbGx8fHx8fHx8fHwxNzExNDU2ODEyfA&force=true,unsplash_images\a_contrail_is_seen_in_the_sky_above_a_snowy_mountain-846a67933db988c7786b558b9ed5dcc6fafcc09c.jpg,a contrail is seen in the sky above a snowy mountain,"Experimental,Nature"
https://unsplash.com/photos/p0tijvs_6ns/download?ixid=M3wxMjA3fDB8MXxhbGx8fHx8fHx8fHwxNzExNDU2ODU4fA&force=true,unsplash_images\a_black_and_white_photo_of_a_waterfall-d94100e428ce7c2fd031fa95462e15e50c02605f.jpg,a black and white photo of a waterfall,Earth Hour
https://unsplash.com/photos/F-QPArMsZas/download?ixid=M3wxMjA3fDB8MXxhbGx8fHx8fHx8fHwxNzExNDU2ODU4fA&force=true,unsplash_images\a_field_of_wildflowers_with_a_mountain_in_the_background-06df42b67ad6cfa09a9ace0a334ae75cdf6df278.jpg,a field of wildflowers with a mountain in the background,Earth Hour
https://unsplash.com/photos/1TIU47jb9oQ/download?ixid=M3wxMjA3fDB8MXxhbGx8fHx8fHx8fHwxNzExNDU2ODU4fA&force=true,unsplash_images\a_giraffe_with_its_mouth_open_and_a_stick_in_its_mouth-b3eead932f9f4b733ba196d5d1494c31041c91f8.jpg,a giraffe with its mouth open and a stick in it's mouth,Earth Hour
https://unsplash.com/photos/kj6pjKt7Z_k/download?ixid=M3wxMjA3fDB8MXxhbGx8fHx8fHx8fHwxNzExNDU2ODU1fA&force=true,unsplash_images\a_snow_covered_mountain_with_clouds_in_the_sky-1e6ff79e940d806dfee0a996a2cd7871d608e163.jpg,a snow covered mountain with clouds in the sky,"Spirituality,Earth Hour"
https://unsplash.com/photos/j7P8dH9S5KA/download?ixid=M3wxMjA3fDB8MXxhbGx8fHx8fHx8fHwxNzExNDU2ODU4fA&force=true,unsplash_images\a_mountain_range_with_a_few_clouds_in_the_sky-d12c7afd3386097012ed47e2befa1563f65bdddb.jpg,a mountain range with a few clouds in the sky,Earth Hour
https://unsplash.com/photos/wOUEFds74nI/download?ixid=M3wxMjA3fDB8MXxhbGx8fHx8fHx8fHwxNzExNDU2ODU4fA&force=true,unsplash_images\a_mountain_covered_in_snow_with_trees_in_the_foreground-b4333f6522c0d96a3fbbc1ff1e623dce4b260ed7.jpg,a mountain covered in snow with trees in the foreground,"Nature,Earth Hour"
https://unsplash.com/photos/I4APNOAUu4U/download?ixid=M3wxMjA3fDB8MXxhbGx8fHx8fHx8fHwxNzExNDU2ODU0fA&force=true,unsplash_images\a_clown_fish_swimming_in_an_anemone-a72874256efa71ee241fa5ce1bee6b7c158fd8ac.jpg,a clown fish swimming in an anemone,Nature
https://unsplash.com/photos/3q3murjWjjM/download?ixid=M3wxMjA3fDB8MXxhbGx8fHx8fHx8fHwxNzExNDU2ODU4fA&force=true,unsplash_images\a_rocky_cliff_with_a_small_patch_of_grass_growing_on_the_side_of_it-53a69ae86b43af5065eb9a2c074e27d00c772ec7.jpg,a rocky cliff with a small patch of grass growing on the side of it,"Nature,Earth Hour"
https://unsplash.com/photos/V6xwpgiq9Yk/download?ixid=M3wxMjA3fDB8MXxhbGx8fHx8fHx8fHwxNzExNDU2ODU4fA&force=true,unsplash_images\a_car_parked_on_the_side_of_a_road-5f36f560919272685e2950cd427a4eca01b8ee4d.jpg,a car parked on the side of a road,"Wallpapers,Travel,Earth Hour"
https://unsplash.com/photos/yooCdywGPqo/download?ixid=M3wxMjA3fDB8MXxhbGx8fHx8fHx8fHwxNzExNDU2ODY0fA&force=true,unsplash_images\a_group_of_people_sitting_on_a_bench_under_a_tree-0e32c35d032c91571aefd7d5461cb31043c91b76.jpg,a group of people sitting on a bench under a tree,"Film,Earth Hour"
,,,
https://unsplash.com/photos/yCZpoDZipcU/download?ixid=M3wxMjA3fDB8MXxhbGx8fHx8fHx8fHwxNzExNDU2ODU4fA&force=true,unsplash_images\two_people_standing_on_a_beach_flying_a_kite-0ed4cbf9404705cd7a165251561fa9a4afebd8cd.jpg,two people standing on a beach flying a kite,Earth Hour
,,,
,,,
https://unsplash.com/photos/GkkTymW0_Eg/download?ixid=M3wxMjA3fDB8MXxhbGx8fHx8fHx8fHwxNzExNDU2ODYyfA&force=true,unsplash_images\a_snow_covered_mountain_with_trees_on_the_side-bb5c4a34d8cdb391f20067ec2888ea4589e2f70f.jpg,a snow covered mountain with trees on the side,Nature
,,,
https://unsplash.com/photos/smX8P0Kqdls/download?ixid=M3wxMjA3fDB8MXxhbGx8fHx8fHx8fHwxNzExNDU2ODU4fA&force=true,unsplash_images\a_field_of_yellow_flowers_and_trees_under_a_blue_sky-bf7df907bf78fb1f2e9164f5b1171eb1a00e993a.jpg,a field of yellow flowers and trees under a blue sky,Earth Hour
,,,
,,,
,,,
https://unsplash.com/photos/VxAE_3jGugc/download?ixid=M3wxMjA3fDB8MXxhbGx8fHx8fHx8fHwxNzExNDU2ODU4fA&force=true,unsplash_images\a_group_of_flamingos_standing_in_shallow_water-12a8147ea7106d839c8d075d51ac2d8dcc445fac.jpg,a group of flamingos standing in shallow water,Earth Hour
https://unsplash.com/photos/PK6aHQjiEHc/download?ixid=M3wxMjA3fDB8MXxhbGx8fHx8fHx8fHwxNzExNDU2ODUzfA&force=true,unsplash_images\a_green_and_white_aurora_bore_in_the_night_sky-4e418de04186b8300c956f757b7a209d356ef032.jpg,a green and white aurora bore in the night sky,"Spirituality,Wallpapers,Nature"
https://unsplash.com/photos/dVJ7JwSlmrs/download?ixid=M3wxMjA3fDB8MXxhbGx8fHx8fHx8fHwxNzExNDU2ODU4fA&force=true,unsplash_images\a_couple_of_white_flowers_sitting_on_top_of_a_lush_green_field-e8a80e390402726af0a405603233980f7beba97d.jpg,a couple of white flowers sitting on top of a lush green field,Earth Hour
https://unsplash.com/photos/zRZqxAogRnY/download?ixid=M3wxMjA3fDB8MXxhbGx8fHx8fHx8fHwxNzExNDUzODgwfA&force=true,unsplash_images\a_full_moon_in_the_dark_sky_with_clouds-18e93a7f322febb1f0ee61766066021ef6fda773.jpg,a full moon in the dark sky with clouds,Wallpapers
,,a painting of a building with a bird flying in the sky,"Architecture & Interiors,Wallpapers"
https://unsplash.com/photos/soGwHzdHk2g/download?ixid=M3wxMjA3fDB8MXxhbGx8fHx8fHx8fHwxNzExNDU2ODU2fA&force=true,unsplash_images\a_lone_tree_sitting_on_top_of_a_green_hill-8286d1cdc1d9c8f723a3ca06b6aa832231701c00.jpg,a lone tree sitting on top of a green hill,Wallpapers
https://unsplash.com/photos/tczMulAFCH4/download?ixid=M3wxMjA3fDB8MXxhbGx8fHx8fHx8fHwxNzExNDU0ODQxfA&force=true,unsplash_images\a_large_rock_formation_with_a_bird_perched_on_top_of_it-4bcd81f4fbf2a31c04dd474843b2a963f8b6cfc3.jpg,a large rock formation with a bird perched on top of it,"Editorial,Wallpapers"
https://unsplash.com/photos/mW1HOYcjGKc/download?ixid=M3wxMjA3fDB8MXxhbGx8fHx8fHx8fHwxNzExNDU0ODI3fA&force=true,unsplash_images\a_foggy_mountain_side_with_trees_and_power_lines-b80cf64f59cbefa4861c9e9cd1f56405e80cbc78.jpg,a foggy mountain side with trees and power lines,Wallpapers
https://unsplash.com/photos/kjcBfeFQPfE/download?ixid=M3wxMjA3fDB8MXxhbGx8fHx8fHx8fHwxNzExNDUzMzIzfA&force=true,unsplash_images\a_flock_of_birds_flying_over_the_ocean_at_sunset-c7753df28739aa467a316f5c2af8bfb2c8aa42ab.jpg,a flock of birds flying over the ocean at sunset,"Editorial,Wallpapers"
,,a lone tree in the middle of a red field,"Editorial,Wallpapers"
https://unsplash.com/photos/AjwVdFacpoc/download?ixid=M3wxMjA3fDB8MXxhbGx8fHx8fHx8fHwxNzExNDU2ODYyfA&force=true,unsplash_images\a_blue_car_is_parked_in_the_snow-7cc482a6b9d3fcca4d07b159f188eebb5b52e27b.jpg,a blue car is parked in the snow,"Editorial,Wallpapers"
https://unsplash.com/photos/va6EU2-lIlg/download?ixid=M3wxMjA3fDB8MXxhbGx8fHx8fHx8fHwxNzExNDU2ODU1fA&force=true,unsplash_images\a_very_tall_mountain_with_a_fire_coming_out_of_it-99e65129351cfb11a2ce6709d98b5bba4b6867cc.jpg,a very tall mountain with a fire coming out of it,"Editorial,Wallpapers,Nature"
https://unsplash.com/photos/StH4p_6FrzY/download?ixid=M3wxMjA3fDB8MXxhbGx8fHx8fHx8fHwxNzExNDU2ODYxfA&force=true,unsplash_images\a_large_body_of_water_surrounded_by_rocks-d70b520d51a5f46ce9e126ce538fa12fbcdad5a3.jpg,a large body of water surrounded by rocks,Wallpapers
,,,
,,,
,,,
,,,
,,,
https://unsplash.com/photos/AcoksvfZ3GQ/download?ixid=M3wxMjA3fDB8MXxhbGx8fHx8fHx8fHwxNzExNDU2ODU0fA&force=true,unsplash_images\a_mountain_covered_in_snow_with_trees_in_the_foreground-c6b8e5d4895b8e3c80590d2a8a3c802227c56369.jpg,a mountain covered in snow with trees in the foreground,Wallpapers
https://unsplash.com/photos/fO-Uxg0qlW0/download?ixid=M3wxMjA3fDB8MXxhbGx8fHx8fHx8fHwxNzExNDUzMDE1fA&force=true,unsplash_images\a_tree_branch_with_white_flowers_in_front_of_a_sunset-701b8bd61c894b082c06f61deca26cc97893e38d.jpg,a tree branch with white flowers in front of a sunset,Spring
,,a red flower with yellow stamens and green leaves,Spring
,,two pink flowers with green leaves on a sunny day,Spring
https://unsplash.com/photos/9LDBQu0r66U/download?ixid=M3wxMjA3fDB8MXxhbGx8fHx8fHx8fHwxNzExNDU2ODY1fA&force=true,unsplash_images\a_pink_flower_is_growing_on_a_tree_branch-82e983d2227c399487ba316b7d404abd2c507372.jpg,a pink flower is growing on a tree branch,Spring
https://unsplash.com/photos/o0uUckSVevo/download?ixid=M3wxMjA3fDB8MXxhbGx8fHx8fHx8fHwxNzExNDU2ODY1fA&force=true,unsplash_images\a_woman_taking_a_picture_of_a_tree_with_her_cell_phone-9576eb2d945851a0e405839fda81e685ec015a2e.jpg,a woman taking a picture of a tree with her cell phone,Spring
https://unsplash.com/photos/85T3g_lLtSw/download?ixid=M3wxMjA3fDB8MXxhbGx8fHx8fHx8fHwxNzExNDU2ODY1fA&force=true,unsplash_images\a_small_bird_sitting_on_a_branch_of_a_tree-dc43b2161d86389713121f3a022d1039ab7807f0.jpg,a small bird sitting on a branch of a tree,"Spring,Nature"
https://unsplash.com/photos/AbNlI9nP3ok/download?ixid=M3wxMjA3fDB8MXxhbGx8fHx8fHx8fHwxNzExNDU2ODY1fA&force=true,unsplash_images\a_woman_with_her_eyes_closed_is_surrounded_by_white_flowers-700ded2594924504383688640957e4141ccc5e6b.jpg,a woman with her eyes closed is surrounded by white flowers,Spring
https://unsplash.com/photos/VsUQgmtWWqU/download?ixid=M3wxMjA3fDB8MXxhbGx8fHx8fHx8fHwxNzExNDU2ODY1fA&force=true,unsplash_images\a_small_bird_perched_on_a_branch_of_a_tree-1277e8676457632a814745cc0e2dc54f2c397083.jpg,a small bird perched on a branch of a tree,Spring
https://unsplash.com/photos/qMlxNsnnsR4/download?ixid=M3wxMjA3fDB8MXxhbGx8fHx8fHx8fHwxNzExNDU2ODY1fA&force=true,unsplash_images\a_close_up_of_a_tree_with_white_flowers-86b39e7b28d64e13cf3b4930ef3f48e87550c02f.jpg,a close up of a tree with white flowers,"Spring,Nature"
https://unsplash.com/photos/iWac1KhU31Y/download?ixid=M3wxMjA3fDB8MXxhbGx8fHx8fHx8fHwxNzExNDU2ODY1fA&force=true,unsplash_images\a_branch_with_white_flowers_against_a_blue_sky-7f40ce4448671b80ce9e654a1d36ea3018eb797c.jpg,a branch with white flowers against a blue sky,Spring
https://unsplash.com/photos/gD1nrC6qMqM/download?ixid=M3wxMjA3fDB8MXxhbGx8fHx8fHx8fHwxNzExNDU2ODY1fA&force=true,unsplash_images\a_bird_sitting_on_a_branch_of_a_tree-e7afbbe6b54b432d78ad30679d0f3a6538ace18e.jpg,a bird sitting on a branch of a tree,Spring
https://unsplash.com/photos/wfAxnu17LSY/download?ixid=M3wxMjA3fDB8MXxhbGx8fHx8fHx8fHwxNzExNDU1NTAzfA&force=true,unsplash_images\pink_and_white_flowers_in_tilt_shift_lens-df478b4ee2567491ee8a233e80fdc7db1364aecc.jpg,pink and white flowers in tilt shift lens,Spring
,,a woman laying in the grass with flowers on her face,"Editorial,Spring"
,,,
,,a bowl of mussels next to a glass of wine,Editorial
https://unsplash.com/photos/1S0YHBS77DI/download?ixid=M3wxMjA3fDB8MXxhbGx8fHx8fHx8fHwxNzExNDU2ODYxfA&force=true,unsplash_images\a_boat_is_docked_in_the_water_in_front_of_a_snowy_mountain-9afd5cd64811f72aa1e78b51138945e14557c0d5.jpg,a boat is docked in the water in front of a snowy mountain,"Editorial,Wallpapers,Earth Hour"
https://unsplash.com/photos/T-PS81U3mMI/download?ixid=M3wxMjA3fDB8MXxhbGx8fHx8fHx8fHwxNzExNDUzOTI5fA&force=true,unsplash_images\a_couple_of_people_that_are_standing_in_the_sand-340a883c12017c0f7e81bd3e78b497f09be62d2f.jpg,a couple of people that are standing in the sand,"Editorial,Travel,Earth Hour"
https://unsplash.com/photos/kD2dWMVQxWg/download?ixid=M3wxMjA3fDB8MXxhbGx8fHx8fHx8fHwxNzExNDU1NjAxfA&force=true,unsplash_images\a_large_white_building_with_columns_and_a_clock-7753d848b4f4c759e24e5819f80dc11f89a3d13f.jpg,a large white building with columns and a clock,"Editorial,Architecture & Interiors"
,,a man and a woman dressed in white standing next to each other,"Editorial,People,Spirituality"
https://unsplash.com/photos/oBp-kWAPFnA/download?ixid=M3wxMjA3fDB8MXxhbGx8fHx8fHx8fHwxNzExNDU4NTU2fA&force=true,unsplash_images\a_sunbeam_shines_through_a_cave_in_the_ocean-ce480c175c62ef08fb0666978653c805122d0056.jpg,a sunbeam shines through a cave in the ocean,
https://unsplash.com/photos/QsiBGuvb1YY/download?ixid=M3wxMjA3fDB8MXxhbGx8fHx8fHx8fHwxNzExNDU2ODY1fA&force=true,unsplash_images\a_white_table_topped_with_a_bowl_of_food-0a8dbf1bb2e70603b995908ee84c4f1a74679af4.jpg,a white table topped with a bowl of food,Editorial
https://unsplash.com/photos/Kcna6XWDY7w/download?ixid=M3wxMjA3fDB8MXxhbGx8fHx8fHx8fHwxNzExNDU4NDU2fA&force=true,unsplash_images\a_palm_tree_sitting_on_top_of_a_sandy_beach-d4808dd3702144c4b825ef6387d4c271e79d1e35.jpg,a palm tree sitting on top of a sandy beach,
https://unsplash.com/photos/uRZAUmhFCw8/download?ixid=M3wxMjA3fDB8MXxhbGx8fHx8fHx8fHwxNzExNDUzNDg1fA&force=true,unsplash_images\a_squirrel_is_sitting_on_a_tree_branch-fe1720a04953f07ae5f5be47890302dfd4d987b7.jpg,a squirrel is sitting on a tree branch,"Editorial,Earth Hour"
https://unsplash.com/photos/yuujDy5GNHQ/download?ixid=M3wxMjA3fDB8MXxhbGx8fHx8fHx8fHwxNzExNDU2ODY0fA&force=true,unsplash_images\a_full_moon_seen_through_the_branches_of_a_tree-176489f5d6bcd8c725543826fe0bec34b2bb9bff.jpg,a full moon seen through the branches of a tree,Spring
https://unsplash.com/photos/srxDZxRcQuM/download?ixid=M3wxMjA3fDB8MXxhbGx8fHx8fHx8fHwxNzExNDU1MzkzfA&force=true,unsplash_images\a_body_of_water_surrounded_by_rocks_and_mountains-20988ca2d0e5c29619b79621bab9effad78177ca.jpg,a body of water surrounded by rocks and mountains,"Editorial,Earth Hour"
,,a couple of people sitting on top of a couch,Editorial
https://unsplash.com/photos/l6qGo5zKswU/download?ixid=M3wxMjA3fDB8MXxhbGx8fHx8fHx8fHwxNzExNDU2ODY1fA&force=true,unsplash_images\a_laptop_computer_sitting_on_top_of_a_white_chair-089d7ce9cd0f50cc091fa053fc3aa2b668b8a3dd.jpg,a laptop computer sitting on top of a white chair,Editorial
https://unsplash.com/photos/b6jjcwoBfRQ/download?ixid=M3wxMjA3fDB8MXxhbGx8fHx8fHx8fHwxNzExNDUzNDgwfA&force=true,unsplash_images\a_scenic_view_of_a_mountain_valley_with_a_winding_road-9105e2f4e9df883b6fcfc15882b334b75a18007d.jpg,a scenic view of a mountain valley with a winding road,Editorial
https://unsplash.com/photos/ca9JnWnIc1M/download?ixid=M3wxMjA3fDB8MXxhbGx8fHx8fHx8fHwxNzExNDUzMDkzfA&force=true,unsplash_images\a_road_with_a_mountain_range_in_the_background-bc1f974b82773fdb5bfcf6c5eb91cadf24f16f4f.jpg,a road with a mountain range in the background,Editorial
,,a laptop computer sitting on top of a wooden table,Editorial
https://unsplash.com/photos/lX3HgbzZ40w/download?ixid=M3wxMjA3fDB8MXxhbGx8fHx8fHx8fHwxNzExNDU0ODM1fA&force=true,unsplash_images\a_view_of_a_lake_with_mountains_in_the_background-e335ff221734633f804f15f4f01708cebb07bd77.jpg,a view of a lake with mountains in the background,Editorial
https://unsplash.com/photos/2AC50zy6ukE/download?ixid=M3wxMjA3fDB8MXxhbGx8fHx8fHx8fHwxNzExNDU0ODM1fA&force=true,unsplash_images\a_couple_of_people_standing_on_top_of_a_rocky_hillside-e1142e13458befd04d367e33617185e7b153f48b.jpg,a couple of people standing on top of a rocky hillside,Editorial
,,a woman sitting at a kitchen counter with a baby in a high chair,Editorial
https://unsplash.com/photos/mPKMvpCfnYg/download?ixid=M3wxMjA3fDB8MXxhbGx8fHx8fHx8fHwxNzExNDU1NTYyfA&force=true,unsplash_images\a_boat_sailing_in_the_ocean_on_a_clear_day-8a9480fcc210e405b473d81f2f7422870c4a2f3e.jpg,a boat sailing in the ocean on a clear day,"Editorial,Earth Hour"
https://unsplash.com/photos/eNIGxtOdB10/download?ixid=M3wxMjA3fDB8MXxhbGx8fHx8fHx8fHwxNzExNDUzNTI5fA&force=true,unsplash_images\a_person_swimming_over_a_colorful_coral_reef-74cdf5342a50a698e9f5e9303d395b791a8fc861.jpg,a person swimming over a colorful coral reef,
https://unsplash.com/photos/JwpGLCfgo5U/download?ixid=M3wxMjA3fDB8MXxhbGx8fHx8fHx8fHwxNzExNDU2ODY5fA&force=true,unsplash_images\a_fire_blazing_in_the_sky_over_a_forest-086bdbcb6643698f22771cbfc16d7284c0b67e52.jpg,a fire blazing in the sky over a forest,Current Events
https://unsplash.com/photos/fN1QpTn3QDY/download?ixid=M3wxMjA3fDB8MXxhbGx8fHx8fHx8fHwxNzExNDU2ODY5fA&force=true,unsplash_images\a_man_dressed_in_armor_standing_in_tall_grass-c250932f1ac46503f4e186e9866a6f063135b98c.jpg,a man dressed in armor standing in tall grass,"Editorial,Current Events"
https://unsplash.com/photos/4CZnIE8s_jU/download?ixid=M3wxMjA3fDB8MXxhbGx8fHx8fHx8fHwxNzExNDUzMzg4fA&force=true,unsplash_images\a_person_sitting_on_a_rock_reading_a_book_on_a_beach-18a580d8da8a17626262f82b4b9dc90268b0a70c.jpg,a person sitting on a rock reading a book on a beach,Editorial
https://unsplash.com/photos/KsoMD3J25jU/download?ixid=M3wxMjA3fDB8MXxhbGx8fHx8fHx8fHwxNzExNDU2ODY5fA&force=true,unsplash_images\a_plane_flying_through_a_cloud_of_smoke-8c67c9dc7cb31cbc0cf65071e756b6c0e8ed7f73.jpg,a plane flying through a cloud of smoke,Current Events
https://unsplash.com/photos/fHIqCu7RRsg/download?ixid=M3wxMjA3fDB8MXxhbGx8fHx8fHx8fHwxNzExNDU2ODY5fA&force=true,unsplash_images\a_man_sitting_on_a_bike_in_front_of_an_ambulance-2628797f200f434017db227ec8bf4125393f8bba.jpg,a man sitting on a bike in front of an ambulance,Current Events
https://unsplash.com/photos/WmmcDqmVwVs/download?ixid=M3wxMjA3fDB8MXxhbGx8fHx8fHx8fHwxNzExNDU2ODcwfA&force=true,unsplash_images\a_car_that_is_sitting_in_the_middle_of_a_rubble-8f5d27959c7950b499f2c288bf9d5698185b18a5.jpg,a car that is sitting in the middle of a rubble,Current Events
https://unsplash.com/photos/N3nLPckWKHM/download?ixid=M3wxMjA3fDB8MXxhbGx8fHx8fHx8fHwxNzExNDU2ODcwfA&force=true,unsplash_images\a_large_building_that_has_been_torn_down-59b46904bc1f46292df4106f9c642b22652c1560.jpg,a large building that has been torn down,Current Events
https://unsplash.com/photos/_tBW1X11uFY/download?ixid=M3wxMjA3fDB8MXxhbGx8fHx8fHx8fHwxNzExNDU2ODcwfA&force=true,unsplash_images\a_crowd_of_people_holding_canadian_and_canadian_flags-d65c93847098958b15a8b7658fc443ba2ba6f2c9.jpg,a crowd of people holding canadian and canadian flags,Current Events
https://unsplash.com/photos/YkugwTqrcgY/download?ixid=M3wxMjA3fDB8MXxhbGx8fHx8fHx8fHwxNzExNDU2ODcwfA&force=true,unsplash_images\a_group_of_people_standing_next_to_each_other-a410a6798039ae179f1dfffcbfbb03e33e0278fc.jpg,a group of people standing next to each other,Current Events
https://unsplash.com/photos/oB7df54gjjo/download?ixid=M3wxMjA3fDB8MXxhbGx8fHx8fHx8fHwxNzExNDU2ODcxfA&force=true,unsplash_images\a_person_walking_across_a_cross_walk_in_a_city-bcc74845d37a476d530e31613d4485618cf1342b.jpg,a person walking across a cross walk in a city,Current Events
https://unsplash.com/photos/KqY3b7Uj7k0/download?ixid=M3wxMjA3fDB8MXxhbGx8fHx8fHx8fHwxNzExNDU2ODcxfA&force=true,unsplash_images\a_group_of_people_walking_down_a_street_holding_flags-3a1d1e8e8b81046e9c92fa79d4e90474f35a0acf.jpg,a group of people walking down a street holding flags,Current Events
https://unsplash.com/photos/eRpfsuK1Low/download?ixid=M3wxMjA3fDB8MXxhbGx8fHx8fHx8fHwxNzExNDU2ODcxfA&force=true,unsplash_images\a_woman_holding_a_flag_in_a_crowd_of_people-c7902f3d6b7094e41bc4048a5d3f15f28447264d.jpg,a woman holding a flag in a crowd of people,Current Events
https://unsplash.com/photos/0Izi_rZIxpM/download?ixid=M3wxMjA3fDB8MXxhbGx8fHx8fHx8fHwxNzExNDU2ODcyfA&force=true,unsplash_images\a_group_of_people_holding_signs_and_standing_on_a_street-681a915cd92bc4a2774b307f4e32424c5b757f79.jpg,a group of people holding signs and standing on a street,Current Events
https://unsplash.com/photos/W42hCtEfB9Q/download?ixid=M3wxMjA3fDB8MXxhbGx8fHx8fHx8fHwxNzExNDU2ODY4fA&force=true,unsplash_images\a_group_of_people_standing_on_a_sidewalk_holding_signs-64925250f837c6745a8939085a46b1bc75527c37.jpg,a group of people standing on a sidewalk holding signs,Current Events
https://unsplash.com/photos/aILPigUYxv0/download?ixid=M3wxMjA3fDB8MXxhbGx8fHx8fHx8fHwxNzExNDU1NTYwfA&force=true,unsplash_images\a_man_holding_a_sign_in_front_of_a_crowd_of_people-0b994772267b0ad734e105b15035ba03cb0d95fa.jpg,a man holding a sign in front of a crowd of people,Current Events
https://unsplash.com/photos/cYy-o9i8aCs/download?ixid=M3wxMjA3fDB8MXxhbGx8fHx8fHx8fHwxNzExNDU4OTE0fA&force=true,unsplash_images\a_man_in_a_hat_is_walking_through_a_canyon-7e1c64260a0a3bbb5642a1f513efbb1569ca855f.jpg,a man in a hat is walking through a canyon,Editorial
https://unsplash.com/photos/fk9ugs1zOLo/download?ixid=M3wxMjA3fDB8MXxhbGx8fHx8fHx8fHwxNzExNDU2ODY4fA&force=true,unsplash_images\a_couple_of_people_walking_down_a_sidewalk-71f42c72cec78e8f039ae3007ce1fbc8d544bf6d.jpg,a couple of people walking down a sidewalk,Current Events
https://unsplash.com/photos/P7S4ykhQoik/download?ixid=M3wxMjA3fDB8MXxhbGx8fHx8fHx8fHwxNzExNDU2ODcwfA&force=true,unsplash_images\a_group_of_people_standing_around_a_pile_of_flowers-11018711b56e280d56b4aca56c94f5ba4a179a03.jpg,a group of people standing around a pile of flowers,Current Events
https://unsplash.com/photos/qcHXRWQ63H0/download?ixid=M3wxMjA3fDB8MXxhbGx8fHx8fHx8fHwxNzExNDU2ODY4fA&force=true,unsplash_images\a_woman_is_holding_a_flag_and_a_cell_phone-11b46774d712ef74182e5477611615f75f15038e.jpg,a woman is holding a flag and a cell phone,Current Events
https://unsplash.com/photos/dAbqbiw5ITQ/download?ixid=M3wxMjA3fDB8MXxhbGx8fHx8fHx8fHwxNzExNDU2ODY4fA&force=true,unsplash_images\a_group_of_rainbow_colored_flags_blowing_in_the_wind-1543c8255b72b770855b1976b0da8484f734b3b7.jpg,a group of rainbow colored flags blowing in the wind,Current Events
https://unsplash.com/photos/TEnBX1cuSIA/download?ixid=M3wxMjA3fDB8MXxhbGx8fHx8fHx8fHwxNzExNDU2ODY5fA&force=true,unsplash_images\woman_in_black_tank_top_wearing_brown_sunglasses-afdf7e94ded673776b4f5ac600d7a6602383912d.jpg,woman in black tank top wearing brown sunglasses,"Editorial,Sports"
https://unsplash.com/photos/3D8OBtdMMBI/download?ixid=M3wxMjA3fDB8MXxhbGx8fHx8fHx8fHwxNzExNDU2ODY4fA&force=true,unsplash_images\a_beach_with_waves_coming_in_and_out_of_the_water-40e659e0d09dfbc75f2cc988663d0513f67ebb91.jpg,a beach with waves coming in and out of the water,"Spirituality,Health & Wellness,Earth Hour"
https://unsplash.com/photos/lEYyPaUmHkQ/download?ixid=M3wxMjA3fDB8MXxhbGx8fHx8fHx8fHwxNzExNDU2ODY4fA&force=true,unsplash_images\a_group_of_people_holding_up_signs_in_the_air-0163686a6e4e58cdf969d73dd827bd3d9f8ffe79.jpg,a group of people holding up signs in the air,Current Events
https://unsplash.com/photos/DK3kgTylTAs/download?ixid=M3wxMjA3fDB8MXxhbGx8fHx8fHx8fHwxNzExNDU2ODY4fA&force=true,unsplash_images\a_person_placing_a_red_poppy_on_a_wreath-e684c8729252c0fc36936554170bba21637d6c61.jpg,a person placing a red poppy on a wreath,Current Events
https://unsplash.com/photos/YfsZSfB7zDw/download?ixid=M3wxMjA3fDB8MXxhbGx8fHx8fHx8fHwxNzExNDUzODEzfA&force=true,unsplash_images\a_close_up_of_a_tree_branch_with_the_sun_in_the_background-8dd78700b79089becc5dfe7592da73a82e44926b.jpg,a close up of a tree branch with the sun in the background,"Spirituality,Health & Wellness"
https://unsplash.com/photos/t_Ds-s8YADY/download?ixid=M3wxMjA3fDB8MXxhbGx8fHx8fHx8fHwxNzExNDU2ODY4fA&force=true,unsplash_images\a_beach_with_a_wave_coming_in_to_shore-fdf0999332fa417a0e0c6147e0f7a0bce3d409da.jpg,a beach with a wave coming in to shore,"Editorial,Health & Wellness"
,,a hand holding a gray bottle in front of a white wall,"Editorial,Health & Wellness"
,,a group of people standing in a room next to each other,"Editorial,Business & Work,Health & Wellness"
,,a woman brushes her breast with a brush,"Editorial,Health & Wellness"
https://unsplash.com/photos/ldJsES6F5d4/download?ixid=M3wxMjA3fDB8MXxhbGx8fHx8fHx8fHwxNzExNDU2ODY5fA&force=true,unsplash_images\a_person_laying_in_bed_reading_a_book-cbf8715d6e63596a24dcac9cfd4d593f077f0161.jpg,a person laying in bed reading a book,"Editorial,Health & Wellness"
https://unsplash.com/photos/5eQ-_Gebljg/download?ixid=M3wxMjA3fDB8MXxhbGx8fHx8fHx8fHwxNzExNDU2ODcwfA&force=true,unsplash_images\woman_in_white_long_sleeve_shirt_reading_book-784ab2d827767ea4933a2c1c993f78140e874013.jpg,woman in white long sleeve shirt reading book,"Editorial,Spirituality,Health & Wellness"
https://unsplash.com/photos/MSwxFHI3ng0/download?ixid=M3wxMjA3fDB8MXxhbGx8fHx8fHx8fHwxNzExNDU2ODcwfA&force=true,unsplash_images\a_woman_with_her_hands_on_her_face-58e828f6efdb2b0bec7dff8176afc3bace455e27.jpg,a woman with her hands on her face,"Editorial,Fashion & Beauty,People"
https://unsplash.com/photos/Jb_CZ3qaEo4/download?ixid=M3wxMjA3fDB8MXxhbGx8fHx8fHx8fHwxNzExNDU2ODcwfA&force=true,unsplash_images\person_holding_brown_glass_bottle-d57fa5e405aff67236fbfdbd5dccd7990f4da1cb.jpg,person holding brown glass bottle,Health & Wellness
https://unsplash.com/photos/dZEPuKFR10k/download?ixid=M3wxMjA3fDB8MXxhbGx8fHx8fHx8fHwxNzExNDU2ODcwfA&force=true,unsplash_images\a_woman_holding_a_metal_bowl_with_a_wooden_spoon-cdba99960fd66bfead5bd538103a8c81d1189163.jpg,a woman holding a metal bowl with a wooden spoon,"Editorial,Health & Wellness"
https://unsplash.com/photos/vrz6wIRBJiQ/download?ixid=M3wxMjA3fDB8MXxhbGx8fHx8fHx8fHwxNzExNDU2ODY4fA&force=true,unsplash_images\a_white_and_yellow_flower_sitting_in_the_middle_of_a_forest-261f9800f7a5f74124941cc18ea6dfed9dba2c3f.jpg,a white and yellow flower sitting in the middle of a forest,"Nature,Health & Wellness"
https://unsplash.com/photos/haLow1zRMc4/download?ixid=M3wxMjA3fDB8MXxhbGx8fHx8fHx8fHwxNzExNDU2ODcxfA&force=true,unsplash_images\woman_in_white_spaghetti_strap_top-576bf856b148bdd9919dabf9867c8de2e5c3dc1f.jpg,woman in white spaghetti strap top,Health & Wellness
https://unsplash.com/photos/HqPEr7aGDzc/download?ixid=M3wxMjA3fDB8MXxhbGx8fHx8fHx8fHwxNzExNDU2ODcxfA&force=true,unsplash_images\person_holding_brasscolored_song_bowl_set-3ff11ae0adf1ccab3b9a43146a79a895060c62b3.jpg,person holding brass-colored song bowl set,Health & Wellness
https://unsplash.com/photos/GJ9RbBFw-2U/download?ixid=M3wxMjA3fDB8MXxhbGx8fHx8fHx8fHwxNzExNDU2ODcxfA&force=true,unsplash_images\a_man_squatting_on_a_barbell_in_a_gym-3a6d933624bfc40cff88a5876952d6dc74e01661.jpg,a man squatting on a barbell in a gym,"Editorial,Health & Wellness"
https://unsplash.com/photos/kgJ743-lMME/download?ixid=M3wxMjA3fDB8MXxhbGx8fHx8fHx8fHwxNzExNDU2ODcyfA&force=true,unsplash_images\two_heart_shaped_balloons_floating_in_the_air-4c5afca9a0fc80383e222d8ce60912639caf9208.jpg,two heart shaped balloons floating in the air,"Editorial,Wallpapers,Health & Wellness"
,,a hand holding a white container with a wooden lid,"Editorial,Health & Wellness"
https://unsplash.com/photos/IqvmU1kdgIo/download?ixid=M3wxMjA3fDB8MXxhbGx8fHx8fHx8fHwxNzExNDU2ODcyfA&force=true,unsplash_images\white_pen_near_gray_laptop_computer-51a641a6d4107c457166ea6937b1d66908c5b71d.jpg,white pen near gray laptop computer,"Editorial,Health & Wellness"
,,a man riding a snowboard down the side of a snow covered slope,"Editorial,Sports"
https://unsplash.com/photos/LSqffnt-n70/download?ixid=M3wxMjA3fDB8MXxhbGx8fHx8fHx8fHwxNzExNDU2ODY5fA&force=true,unsplash_images\a_person_on_a_bike_jumping_over_a_hill-c15a249813283acf4b56086dc0ef362af52f08c8.jpg,a person on a bike jumping over a hill,Sports
https://unsplash.com/photos/BTJpGU1C9Os/download?ixid=M3wxMjA3fDB8MXxhbGx8fHx8fHx8fHwxNzExNDU2ODY5fA&force=true,unsplash_images\a_blurry_photo_of_a_race_track-18af9da33f5db3cb7c5c6c7b160514d43c5e1b41.jpg,a blurry photo of a race track,Sports
https://unsplash.com/photos/bOMVTvE2QFU/download?ixid=M3wxMjA3fDB8MXxhbGx8fHx8fHx8fHwxNzExNDU4NjUwfA&force=true,unsplash_images\a_large_group_of_fish_swimming_over_a_coral_reef-d98a868a5032f167dbda30bc53ebfb0db67c221b.jpg,a large group of fish swimming over a coral reef,
https://unsplash.com/photos/2yFFqMO3sjs/download?ixid=M3wxMjA3fDB8MXxhbGx8fHx8fHx8fHwxNzExNDUzMzI4fA&force=true,unsplash_images\a_group_of_people_standing_on_top_of_a_snow_covered_slope-59c2d8e2cba3be1a1b2e3bb474fdf135fbdfc66b.jpg,a group of people standing on top of a snow covered slope,"Editorial,Sports,Film"
https://unsplash.com/photos/NuzKsljYNPc/download?ixid=M3wxMjA3fDB8MXxhbGx8fHx8fHx8fHwxNzExNDU2ODcxfA&force=true,unsplash_images\sliced_bread_with_sliced_banana_and_sliced_of_banana_on_white_ceramic_plate-2c99813c46ca44ab197dc26bf166cf4ea95b550c.jpg,sliced bread with sliced banana and sliced of banana on white ceramic plate,"Editorial,Health & Wellness"
https://unsplash.com/photos/dDK1TMFrTlg/download?ixid=M3wxMjA3fDB8MXxhbGx8fHx8fHx8fHwxNzExNDU2ODcwfA&force=true,unsplash_images\a_skateboard_with_wheels_on_a_black_background-870509061090563613f5fff08c0200100a163696.jpg,a skateboard with wheels on a black background,Sports
https://unsplash.com/photos/ZscOiMsG70Q/download?ixid=M3wxMjA3fDB8MXxhbGx8fHx8fHx8fHwxNzExNDU2ODcwfA&force=true,unsplash_images\a_football_stadium_filled_with_lots_of_people-a544a3a2734e7ca1bd7f4ce29a6a356586720ebc.jpg,a football stadium filled with lots of people,Sports
https://unsplash.com/photos/SmuePgF6c-8/download?ixid=M3wxMjA3fDB8MXxhbGx8fHx8fHx8fHwxNzExNDU2ODcxfA&force=true,unsplash_images\a_man_flying_through_the_air_while_riding_a_bike-1ffcd69e4f3e11c7c845a51af5f9a883a3b1895e.jpg,a man flying through the air while riding a bike,Sports
https://unsplash.com/photos/_hIeAlRY6Mo/download?ixid=M3wxMjA3fDB8MXxhbGx8fHx8fHx8fHwxNzExNDU2ODcxfA&force=true,unsplash_images\a_racing_car_driving_on_a_race_track-2dafe7c60883f63a804e8c2c9ee0d4a80c64e5db.jpg,a racing car driving on a race track,Sports
https://unsplash.com/photos/spprlcBUiJg/download?ixid=M3wxMjA3fDB8MXxhbGx8fHx8fHx8fHwxNzExNDU2ODcxfA&force=true,unsplash_images\an_orange_race_car_driving_down_a_race_track-371d08a1e00f3fdb2dc47173a18749c4866f8bd9.jpg,an orange race car driving down a race track,Sports
https://unsplash.com/photos/TpCElLHV5_U/download?ixid=M3wxMjA3fDB8MXxhbGx8fHx8fHx8fHwxNzExNDU2ODY5fA&force=true,unsplash_images\a_woman_standing_in_a_field_of_yellow_flowers-12cd14c089ef77cf36efb8ba50c78105b4d90a40.jpg,a woman standing in a field of yellow flowers,Health & Wellness
https://unsplash.com/photos/P49whBPr2UE/download?ixid=M3wxMjA3fDB8MXxhbGx8fHx8fHx8fHwxNzExNDUzNDEyfA&force=true,unsplash_images\a_person_riding_skis_down_a_snow_covered_slope-778c9986e28012c5aa2f3c6a91c3938806bc0e20.jpg,a person riding skis down a snow covered slope,Sports
https://unsplash.com/photos/fburL0JbyVo/download?ixid=M3wxMjA3fDB8MXxhbGx8fHx8fHx8fHwxNzExNDU2ODcyfA&force=true,unsplash_images\people_sitting_on_stadium_during_daytime-2b5200ddd0a3d77d9f3bfdf35e8df42cd10831bb.jpg,people sitting on stadium during daytime,Sports
,,a young girl riding a skateboard down a ramp,"Editorial,Sports"
https://unsplash.com/photos/lUNh8-Zhqo4/download?ixid=M3wxMjA3fDB8MXxhbGx8fHx8fHx8fHwxNzExNDU2ODY4fA&force=true,unsplash_images\a_group_of_people_hiking_up_a_mountain-2cd95c2028e9107b5394b7cafad6414192632be0.jpg,a group of people hiking up a mountain,"Editorial,Sports"
https://unsplash.com/photos/A2_vPvWVKrY/download?ixid=M3wxMjA3fDB8MXxhbGx8fHx8fHx8fHwxNzExNDU2ODY4fA&force=true,unsplash_images\a_man_flying_through_the_air_while_riding_skis-44f3c26db4f67d237dc11a383da1d49f696fba8f.jpg,a man flying through the air while riding skis,"Sports,Earth Hour"
https://unsplash.com/photos/WEP4kGnoDhs/download?ixid=M3wxMjA3fDB8MXxhbGx8fHx8fHx8fHwxNzExNDU2ODY4fA&force=true,unsplash_images\a_person_with_a_surfboard_walking_on_a_beach-a4e78581701a6584d4082b5b7309b62a5713d3b3.jpg,a person with a surfboard walking on a beach,Sports
https://unsplash.com/photos/pMbRU4k-xWc/download?ixid=M3wxMjA3fDB8MXxhbGx8fHx8fHx8fHwxNzExNDU2ODcwfA&force=true,unsplash_images\an_aerial_view_of_a_soccer_stadium_with_a_green_field-0154ca280ce576a50a1f85ed8fa9319c5caa205f.jpg,an aerial view of a soccer stadium with a green field,Sports
https://unsplash.com/photos/ZUndVMfmCrc/download?ixid=M3wxMjA3fDB8MXxhbGx8fHx8fHx8fHwxNzExNDUzOTI1fA&force=true,unsplash_images\a_man_in_a_suit_and_a_motorcycle_helmet-b4e38d5832693c9c7311cc27066ef1939c9f39ca.jpg,a man in a suit and a motorcycle helmet,Sports
https://unsplash.com/photos/I7AfROpfyEQ/download?ixid=M3wxMjA3fDB8MXxhbGx8fHx8fHx8fHwxNzExNDU2ODY4fA&force=true,unsplash_images\a_couple_of_people_that_are_in_the_water_with_surfboards-2d7bbe4041f887cd00e6943ebc0e2b1a08785611.jpg,a couple of people that are in the water with surfboards,"Editorial,People,Travel"
,,a stack of food sitting on top of a white plate,Food & Drink
,,three plates of food on a yellow table,Food & Drink
,,,
,,,
,,,
,,,
,,,
,,,
,,,
,,,
,,,
,,,
,,,
https://unsplash.com/photos/2zw1Msf2KYY/download?ixid=M3wxMjA3fDB8MXxhbGx8fHx8fHx8fHwxNzExNDU2ODY4fA&force=true,unsplash_images\a_young_boy_running_to_first_base_during_a_baseball_game-22a1f7232b086cb61888577dd9141692269209ae.jpg,a young boy running to first base during a baseball game,Sports
https://unsplash.com/photos/t7SuQfmzXS0/download?ixid=M3wxMjA3fDB8MXxhbGx8fHx8fHx8fHwxNzExNDU2ODU0fA&force=true,unsplash_images\the_sun_is_setting_in_the_sky_over_the_trees-b049108c495a977f3a6eafc725af0eed1f3d55d7.jpg,the sun is setting in the sky over the trees,Spirituality
https://unsplash.com/photos/M4MxjV5Z8oU/download?ixid=M3wxMjA3fDB8MXxhbGx8fHx8fHx8fHwxNzExNDU2ODY0fA&force=true,unsplash_images\a_group_of_people_walking_down_a_set_of_stairs-7fa70ca66d9802e4e148f6dcee729da2f934bbd0.jpg,a group of people walking down a set of stairs,"Spirituality,Travel,Film"
https://unsplash.com/photos/bmWW8cCguNM/download?ixid=M3wxMjA3fDB8MXxhbGx8fHx8fHx8fHwxNzExNDU2ODU3fA&force=true,unsplash_images\a_person_standing_in_front_of_a_large_building-5149d2a4b091b4e0cf1b1e0f89a5706bc58b94e5.jpg,a person standing in front of a large building,"Editorial,Spirituality"
https://unsplash.com/photos/Tu584SK3b9I/download?ixid=M3wxMjA3fDB8MXxhbGx8fHx8fHx8fHwxNzExNDU1Mzg0fA&force=true,unsplash_images\a_woman_in_a_white_dress_posing_for_a_picture-bdac5191d97f149271d4adc312d9f21c13f9d187.jpg,a woman in a white dress posing for a picture,"Editorial,Spirituality"
,,a group of people sitting around a table with laptops,"Editorial,Business & Work"
https://unsplash.com/photos/d5_OUw0REw4/download?ixid=M3wxMjA3fDB8MXxhbGx8fHx8fHx8fHwxNzExNDU2ODU5fA&force=true,unsplash_images\a_goat_standing_on_top_of_a_hill-39a8a7c0f8fe1d4d8613cf3d48fa140d9d0304eb.jpg,a goat standing on top of a hill,"Spirituality,Nature,Animals"
,,,
,,,
,,,
,,,
,,,
,,,
,,,
,,,
,,,
,,,
,,,
,,,
,,a woman in a black dress sitting on a stair case,Business & Work
https://unsplash.com/photos/KZP6hNnnzF4/download?ixid=M3wxMjA3fDB8MXxhbGx8fHx8fHx8fHwxNzExNDU2ODUzfA&force=true,unsplash_images\a_herd_of_sheep_walking_across_a_lush_green_field-c5995028a124054fb5797a8a731162f5f21db43e.jpg,a herd of sheep walking across a lush green field,"Spirituality,Animals"
https://unsplash.com/photos/eoOvB98a2BU/download?ixid=M3wxMjA3fDB8MXxhbGx8fHx8fHx8fHwxNzExNDUzMjgwfA&force=true,unsplash_images\a_window_with_a_white_curtain_and_a_cat_sitting_on_the_window_sill-b733fe827740feff81c83d411807add76cea8ad6.jpg,a window with a white curtain and a cat sitting on the window sill,Spirituality
,,two men sitting at a table working on a laptop,"Editorial,Business & Work"
https://unsplash.com/photos/U3EJMiBn6w0/download?ixid=M3wxMjA3fDB8MXxhbGx8fHx8fHx8fHwxNzExNDU0Nzk2fA&force=true,unsplash_images\a_tablet_with_a_picture_of_tulips_and_a_camera-1cd27a6d39da85e0024fc5bf94078117d4d8c3c1.jpg,a tablet with a picture of tulips and a camera,"Editorial,Business & Work"
https://unsplash.com/photos/KvirD_mdP4k/download?ixid=M3wxMjA3fDB8MXxhbGx8fHx8fHx8fHwxNzExNDU2ODU3fA&force=true,unsplash_images\a_room_with_a_chair_and_a_painting_on_a_easel-c53c32f983ddf65336c5f828e6198cfc272aec22.jpg,a room with a chair and a painting on a easel,"Editorial,Business & Work"
,,a person sitting on a guitar,"Fashion & Beauty,Business & Work"
,,a person holding a piece of bread in their hand,Food & Drink
,,a bunch of chocolate cookies on a blue surface,Food & Drink
,,a person holding a cup of coffee in their hand,Food & Drink
,,a stack of donuts sitting next to a cup of coffee,Food & Drink
https://unsplash.com/photos/lSoOqwAJRZk/download?ixid=M3wxMjA3fDB8MXxhbGx8fHx8fHx8fHwxNzExNDU2ODY5fA&force=true,unsplash_images\white_book_page_on_white_textile-037e4f3a0b88a228c4299ee830dd63f57a4c94a0.jpg,white book page on white textile,"Food & Drink,Cozy Moments"
,,a room filled with lots of plants and furniture,"Editorial,Cozy Moments"
,,a mirror reflecting a living room with a wood stove,"On the Lake,Cozy Moments"
https://unsplash.com/photos/igrqErP41S0/download?ixid=M3wxMjA3fDB8MXxhbGx8fHx8fHx8fHwxNzExNDU2ODY5fA&force=true,unsplash_images\a_piece_of_cake_with_sprinkles_on_it-f36b6b7ba70a2cda7e5a435adb8a18ce286e85bd.jpg,a piece of cake with sprinkles on it,Food & Drink
https://unsplash.com/photos/ayksbR7OwZU/download?ixid=M3wxMjA3fDB8MXxhbGx8fHx8fHx8fHwxNzExNDQ4ODUxfA&force=true,unsplash_images\a_candle_in_a_glass_of_liquid-df4dc508e3bb7d816a4253f548a6c5374c8e9c2a.jpg,a candle in a glass of liquid,Cozy Moments
https://unsplash.com/photos/gXT-iDASP84/download?ixid=M3wxMjA3fDB8MXxhbGx8fHx8fHx8fHwxNzExNDQ4ODU0fA&force=true,unsplash_images\a_lake_surrounded_by_trees_with_a_mountain_in_the_background-be970038247a62bbce79ed423f18e1b0a2343640.jpg,a lake surrounded by trees with a mountain in the background,On the Lake
https://unsplash.com/photos/xGqm03Ixt5Y/download?ixid=M3wxMjA3fDB8MXxhbGx8fHx8fHx8fHwxNzExNDQ4ODU0fA&force=true,unsplash_images\rocks_and_water_on_a_beach_with_a_mountain_in_the_background-5590b74c9f02c4ca1c9c505a53d05fd370fa1f92.jpg,rocks and water on a beach with a mountain in the background,On the Lake
https://unsplash.com/photos/4oVO2k2scx0/download?ixid=M3wxMjA3fDB8MXxhbGx8fHx8fHx8fHwxNzExNDQ4ODU0fA&force=true,unsplash_images\a_person_standing_on_a_dock_in_the_middle_of_a_lake-83664347a5b6656452271c6f1740315d43f5e033.jpg,a person standing on a dock in the middle of a lake,On the Lake
https://unsplash.com/photos/6rQWQDt62eE/download?ixid=M3wxMjA3fDB8MXxhbGx8fHx8fHx8fHwxNzExNDQ4ODU0fA&force=true,unsplash_images\a_large_body_of_water_surrounded_by_rocks-eaeb2e37d16fe22937da0389b327118eb4c936ea.jpg,a large body of water surrounded by rocks,On the Lake
https://unsplash.com/photos/0LW6RlY2zOc/download?ixid=M3wxMjA3fDB8MXxhbGx8fHx8fHx8fHwxNzExNDQ4ODU0fA&force=true,unsplash_images\a_bird_perched_on_top_of_a_pine_tree_next_to_a_lake-b05b4b0a34657fb1b95f8683b4ffcf67e3000dea.jpg,a bird perched on top of a pine tree next to a lake,On the Lake
https://unsplash.com/photos/bcX48Xsfny4/download?ixid=M3wxMjA3fDB8MXxhbGx8fHx8fHx8fHwxNzExNDQ4ODU0fA&force=true,unsplash_images\a_view_of_a_mountain_range_with_a_lake_in_the_foreground-ffa42745169a87c49651ccc39147a8150c599d50.jpg,a view of a mountain range with a lake in the foreground,"Wallpapers,Nature,Travel"
https://unsplash.com/photos/dJFZwQ4NzBY/download?ixid=M3wxMjA3fDB8MXxhbGx8fHx8fHx8fHwxNzExNDQ4ODU0fA&force=true,unsplash_images\a_person_standing_on_a_beach_with_their_arms_in_the_air-33dde2855cbe438df00b972e85ec2b0def7b843b.jpg,a person standing on a beach with their arms in the air,On the Lake
https://unsplash.com/photos/piCrXbXWyjM/download?ixid=M3wxMjA3fDB8MXxhbGx8fHx8fHx8fHwxNzExNDQ4ODU0fA&force=true,unsplash_images\a_mountain_range_with_a_lake_in_the_foreground-d17a5c07e0c194d89ef1f574158260973d407681.jpg,a mountain range with a lake in the foreground,On the Lake
https://unsplash.com/photos/ZpthjgFWfEo/download?ixid=M3wxMjA3fDB8MXxhbGx8fHx8fHx8fHwxNzExNDQ4ODU0fA&force=true,unsplash_images\a_small_boat_in_a_large_body_of_water-7e9a670c2c316b9246b5fea2abdfe43bf54e9269.jpg,a small boat in a large body of water,On the Lake
https://unsplash.com/photos/7cGyAvnK3eY/download?ixid=M3wxMjA3fDB8MXxhbGx8fHx8fHx8fHwxNzExNDQ4ODU0fA&force=true,unsplash_images\a_small_village_in_the_middle_of_a_valley-5f53b6d6c9bbf834faefcb9ff1f3653c3cacd4f9.jpg,a small village in the middle of a valley,On the Lake
https://unsplash.com/photos/_9Q_3Rj1QME/download?ixid=M3wxMjA3fDB8MXxhbGx8fHx8fHx8fHwxNzExNDQ4ODU0fA&force=true,unsplash_images\a_large_body_of_water_sitting_next_to_a_lush_green_hillside-4b1b4e1c4d8c6b2fafe1393b12cd591f24a2c05a.jpg,a large body of water sitting next to a lush green hillside,On the Lake
https://unsplash.com/photos/9YusRWadIhQ/download?ixid=M3wxMjA3fDB8MXxhbGx8fHx8fHx8fHwxNzExNDQ4ODU0fA&force=true,unsplash_images\a_body_of_water_surrounded_by_trees_and_a_dock-24ef3ba237210d9f41ae31065252873f86216e60.jpg,a body of water surrounded by trees and a dock,On the Lake
https://unsplash.com/photos/H-gR5ce7Dlc/download?ixid=M3wxMjA3fDB8MXxhbGx8fHx8fHx8fHwxNzExNDQ4ODUzfA&force=true,unsplash_images\a_couple_of_boats_sitting_on_top_of_a_lake-3934dfe663c8f8be4b1aba15b0d70d34cb71ea3c.jpg,a couple of boats sitting on top of a lake,On the Lake
https://unsplash.com/photos/CDLEVgLXN70/download?ixid=M3wxMjA3fDB8MXxhbGx8fHx8fHx8fHwxNzExNDQ4ODUzfA&force=true,unsplash_images\a_dock_with_a_chair_on_it_next_to_a_body_of_water-9b44ca24728693ed4811c37c57d6b736b2e9b235.jpg,a dock with a chair on it next to a body of water,On the Lake
https://unsplash.com/photos/CC2PBdvkoxg/download?ixid=M3wxMjA3fDB8MXxhbGx8fHx8fHx8fHwxNzExNDQ4ODUzfA&force=true,,,On the Lake
https://unsplash.com/photos/5iRgh_G0eRY/download?ixid=M3wxMjA3fDB8MXxhbGx8fHx8fHx8fHwxNzExNDU2ODY4fA&force=true,unsplash_images\time_lapse_photography_of_coffee_on_cup-a77c7382eca76ffd09c7d83fec4148aacd528d45.jpg,time lapse photography of coffee on cup,"Editorial,Food & Drink"
https://unsplash.com/photos/f6efjnQTK9U/download?ixid=M3wxMjA3fDB8MXxhbGx8fHx8fHx8fHwxNzExNDQ4ODUzfA&force=true,unsplash_images\a_bench_sitting_on_the_shore_of_a_lake_at_night-f72f27dc9b0f295b0f5deadddf7989a968ae536b.jpg,a bench sitting on the shore of a lake at night,On the Lake
https://unsplash.com/photos/u944PNE5zAM/download?ixid=M3wxMjA3fDB8MXxhbGx8fHx8fHx8fHwxNzExNDQ4ODUzfA&force=true,unsplash_images\a_couple_of_wooden_chairs_sitting_on_top_of_a_wooden_dock-687a7ea250ae2a975ca82752452aeb06c081241c.jpg,a couple of wooden chairs sitting on top of a wooden dock,On the Lake
https://unsplash.com/photos/B6fPrOO0sm8/download?ixid=M3wxMjA3fDB8MXxhbGx8fHx8fHx8fHwxNzExNDQ4ODUzfA&force=true,,,On the Lake
https://unsplash.com/photos/WI86ejzgD-8/download?ixid=M3wxMjA3fDB8MXxhbGx8fHx8fHx8fHwxNzExNDQ4ODUzfA&force=true,,,On the Lake
https://unsplash.com/photos/WFqYPKQ48g8/download?ixid=M3wxMjA3fDB8MXxhbGx8fHx8fHx8fHwxNzExNDQ4ODU0fA&force=true,,,On the Lake
https://unsplash.com/photos/aJN-jjFLyCU/download?ixid=M3wxMjA3fDB8MXxhbGx8fHx8fHx8fHwxNzExNDQ4ODUxfA&force=true,unsplash_images\person_holding_knitted_textiles-d69679e7e7468a2c86d39103a45ffa1fdbe6a810.jpg,person holding knitted textiles,"Editorial,Cozy Moments"
https://unsplash.com/photos/WTzeO4XtdNk/download?ixid=M3wxMjA3fDB8MXxhbGx8fHx8fHx8fHwxNzExNDQ4ODUxfA&force=true,unsplash_images\a_wooden_cutting_board_topped_with_mushrooms_next_to_a_bowl_of_mushrooms-70bf2b2356f704e4f4e0b489a9465813d8d26626.jpg,a wooden cutting board topped with mushrooms next to a bowl of mushrooms,"Food & Drink,Cozy Moments"
,,a person laying on a bed with a dog reading a book,Cozy Moments
https://unsplash.com/photos/V1PzqYP6Nxk/download?ixid=M3wxMjA3fDB8MXxhbGx8fHx8fHx8fHwxNzExNDQ4ODUxfA&force=true,unsplash_images\a_white_and_brown_dog_laying_on_the_floor_next_to_a_bed-433146f972e0cea4b050a49c6a9d82c3154df03e.jpg,a white and brown dog laying on the floor next to a bed,Cozy Moments
,,"A father with three daughters indoors at home, reading a book.",Cozy Moments
,,a woman sitting on a deck in front of a house,"Editorial,Cozy Moments"
,,a person holding a cup of coffee in their hands,Cozy Moments
,,a bedroom with bunk beds and a window,Cozy Moments
https://unsplash.com/photos/hKqdN5clIWA/download?ixid=M3wxMjA3fDB8MXxhbGx8fHx8fHx8fHwxNzExNDQ4ODUyfA&force=true,unsplash_images\white_ceramic_mug_on_bed-a5fd43b914fa445d736b58835438d54b8575223d.jpg,white ceramic mug on bed,"Editorial,Cozy Moments"
https://unsplash.com/photos/yGPbbuBDT9w/download?ixid=M3wxMjA3fDB8MXxhbGx8fHx8fHx8fHwxNzExNDQ4ODUyfA&force=true,unsplash_images\woman_holding_white_ceramic_teacup_sitting_on_white_blanket_near_shortcoated_tan_dog-c0a28819703c14a1a6470e53fc0e5d161b397658.jpg,woman holding white ceramic teacup sitting on white blanket near short-coated tan dog,"Editorial,Cozy Moments"
https://unsplash.com/photos/ShqGcdtJySA/download?ixid=M3wxMjA3fDB8MXxhbGx8fHx8fHx8fHwxNzExNDQ4ODUyfA&force=true,unsplash_images\brown_leather_textile_near_fireplace-5f5a566217ca63191e509025234f9e622617fcb8.jpg,brown leather textile near fireplace,Cozy Moments
https://unsplash.com/photos/A_VCJKuLD_c/download?ixid=M3wxMjA3fDB8MXxhbGx8fHx8fHx8fHwxNzExNDU2ODU5fA&force=true,unsplash_images\a_person_sitting_at_a_desk_with_a_keyboard_and_mouse-8c4e93f4d0605a9028597fa1aab5d6066106d866.jpg,a person sitting at a desk with a keyboard and mouse,Business & Work
https://unsplash.com/photos/K_qZdxtsyrs/download?ixid=M3wxMjA3fDB8MXxhbGx8fHx8fHx8fHwxNzExNDQ1MzM3fA&force=true,unsplash_images\white_candle_on_clear_glass_holder-f6854e96cc0eaedd8960ad8e5cc1bdf05b77fbf3.jpg,white candle on clear glass holder,"Editorial,Cozy Moments"
https://unsplash.com/photos/LQqrvQj5rV8/download?ixid=M3wxMjA3fDB8MXxhbGx8fHx8fHx8fHwxNzExNDQ4ODUyfA&force=true,unsplash_images\a_woman_sitting_on_a_bed_holding_a_coffee_mug-a7fddd6cf3fd66fb81fe24e56b2d10e594b8093d.jpg,a woman sitting on a bed holding a coffee mug,Cozy Moments
,,Happy relaxed satisfied couple lying in bed and surfing over the internet.,Cozy Moments
,,a spoon is pouring caramel sauce into a jar,Food & Drink
https://unsplash.com/photos/t0kpF4q_ThI/download?ixid=M3wxMjA3fDB8MXxhbGx8fHx8fHx8fHwxNzExNDQ4ODUxfA&force=true,unsplash_images\a_woman_laying_on_the_floor_next_to_a_bed-e00d979d6949e1d8716701815994d43be00e291d.jpg,a woman laying on the floor next to a bed,"Editorial,Cozy Moments"
,,a person standing over a table filled with food,Food & Drink
https://unsplash.com/photos/dAwfObcVKF8/download?ixid=M3wxMjA3fDB8MXxhbGx8fHx8fHx8fHwxNzExNDU2ODcwfA&force=true,unsplash_images\a_plate_of_food-f96a221c38ba1fd6c62023b0d5ab39356c557ffe.jpg,a plate of food,Food & Drink
https://unsplash.com/photos/ybCQ-gAWM_U/download?ixid=M3wxMjA3fDB8MXxhbGx8fHx8fHx8fHwxNzExNDU2ODcwfA&force=true,unsplash_images\a_woman_holding_a_cake_with_candles_on_it-b199e54f8fed2471325fe0241a98db356a26b9d5.jpg,a woman holding a cake with candles on it,Food & Drink
https://unsplash.com/photos/DAUD9Fay2EI/download?ixid=M3wxMjA3fDB8MXxhbGx8fHx8fHx8fHwxNzExNDU2ODcxfA&force=true,unsplash_images\a_woman_is_holding_a_small_red_object_in_her_hands-e0af25f7b2c8da793fedd3de10a1a981f4b70842.jpg,a woman is holding a small red object in her hands,Food & Drink
https://unsplash.com/photos/WmuMYYulka8/download?ixid=M3wxMjA3fDB8MXxhbGx8fHx8fHx8fHwxNzExNDU2ODcxfA&force=true,unsplash_images\a_bundt_cake_sitting_on_top_of_a_blue_plate-b850f1ce462c6b692c4b678077e82775264089da.jpg,a bundt cake sitting on top of a blue plate,Food & Drink
https://unsplash.com/photos/w--4WN1GRms/download?ixid=M3wxMjA3fDB8MXxhbGx8fHx8fHx8fHwxNzExNDU2ODcxfA&force=true,unsplash_images\a_piece_of_cake_on_a_plate_next_to_a_cup_of_coffee-d5f6c71cd675c181e7163b77ee55d51962383ef2.jpg,a piece of cake on a plate next to a cup of coffee,Food & Drink
,,a group of people sitting at a table with plates of food,Food & Drink
,,a person taking a slice of pizza from a box,Food & Drink
https://unsplash.com/photos/KOxX1hVmhl0/download?ixid=M3wxMjA3fDB8MXxhbGx8fHx8fHx8fHwxNzExNDU2ODcxfA&force=true,unsplash_images\a_bowl_of_food-36831cd4921a0fd0c5e4e2dff47ba7d7bd135715.jpg,a bowl of food,"Editorial,Food & Drink"
https://unsplash.com/photos/2CZ0Zpuj-gU/download?ixid=M3wxMjA3fDB8MXxhbGx8fHx8fHx8fHwxNzExNDU2ODcyfA&force=true,unsplash_images\pasta_in_white_ceramic_bowl-8753a6dd37bc32408e1e4af91585ca173466a098.jpg,pasta in white ceramic bowl,Food & Drink
,,,
,,,
,,,
,,,
,,,
,,,
,,,
,,,
,,,
,,,
,,,
,,,
https://unsplash.com/photos/PP--q5J7da0/download?ixid=M3wxMjA3fDB8MXxhbGx8fHx8fHx8fHwxNzExNDU2ODUzfA&force=true,unsplash_images\a_monkey_sitting_on_the_ground_with_its_baby-ee2884bac12d8ced2831f0f672a1f23140640626.jpg,a monkey sitting on the ground with its baby,Animals
https://unsplash.com/photos/BFERqCiVV6M/download?ixid=M3wxMjA3fDB8MXxhbGx8fHx8fHx8fHwxNzExNDU2ODU0fA&force=true,unsplash_images\a_herd_of_elephants_standing_next_to_each_other_in_a_forest-f1823c5d11db9051ace95a74bbd24ab9e6ed2eb8.jpg,a herd of elephants standing next to each other in a forest,"Animals,Earth Hour"
https://unsplash.com/photos/cx2VOporFEk/download?ixid=M3wxMjA3fDB8MXxhbGx8fHx8fHx8fHwxNzExNDQ4ODUxfA&force=true,unsplash_images\a_skeleton_from_a_rope_in_a_room_with_plants-911d22b2f69f3e8a69507e7ae9f302a5d29687f9.jpg,a skeleton from a rope in a room with plants,Cozy Moments
https://unsplash.com/photos/QpcfGsZfnDE/download?ixid=M3wxMjA3fDB8MXxhbGx8fHx8fHx8fHwxNzExNDU2ODU1fA&force=true,unsplash_images\a_small_deer_standing_next_to_a_body_of_water-34b3ff9a2c25343b8b381c47b1342ff49c4bd760.jpg,a small deer standing next to a body of water,Animals
https://unsplash.com/photos/VEyd2K1tF7s/download?ixid=M3wxMjA3fDB8MXxhbGx8fHx8fHx8fHwxNzExNDU2ODU1fA&force=true,unsplash_images\a_small_bird_perched_on_a_thin_wire-3f8e6b13c84dff070cdb74230f6e4136ceaa921c.jpg,a small bird perched on a thin wire,"Nature,Animals,Earth Hour"
https://unsplash.com/photos/UOlUXsoTf8w/download?ixid=M3wxMjA3fDB8MXxhbGx8fHx8fHx8fHwxNzExNDU2ODU2fA&force=true,unsplash_images\a_couple_of_yellow_and_black_dragonflies_sitting_on_top_of_a_green_plant-6a08f07117b0ecf9648531448e2ad919f840ffb8.jpg,a couple of yellow and black dragonflies sitting on top of a green plant,Animals
https://unsplash.com/photos/sCmIcunk_XY/download?ixid=M3wxMjA3fDB8MXxhbGx8fHx8fHx8fHwxNzExNDU2NzQyfA&force=true,unsplash_images\a_close_up_of_a_camel_on_a_beach-8e46a811b56931153180566f1c4738d556e80db1.jpg,a close up of a camel on a beach,Animals
,,,
,,,
https://unsplash.com/photos/bgET3tO0Zi0/download?ixid=M3wxMjA3fDB8MXxhbGx8fHx8fHx8fHwxNzExNDU2ODU3fA&force=true,unsplash_images\a_close_up_of_a_spider_on_a_rock-72ed6f5222fbecb0036804372ff53609055a4578.jpg,a close up of a spider on a rock,Animals
https://unsplash.com/photos/pagKR9cXS5w/download?ixid=M3wxMjA3fDB8MXxhbGx8fHx8fHx8fHwxNzExNDU2ODU5fA&force=true,unsplash_images\a_couple_of_birds_that_are_standing_on_some_rocks-c0b97010e06313d295be40540515069d69c0be56.jpg,a couple of birds that are standing on some rocks,Animals
,,,
https://unsplash.com/photos/HgxcDZNbqOM/download?ixid=M3wxMjA3fDB8MXxhbGx8fHx8fHx8fHwxNzExNDU2ODYxfA&force=true,unsplash_images\a_close_up_of_a_dog_with_a_blurry_background-9db5d4bda9bcef0b3c077b90aa3718da22409819.jpg,a close up of a dog with a blurry background,Animals
,,,
,,,
https://unsplash.com/photos/Nus1Z7_2QCk/download?ixid=M3wxMjA3fDB8MXxhbGx8fHx8fHx8fHwxNzExNDQ3NTU1fA&force=true,unsplash_images\round_red_fruits-64608607d958cdd78100ac2dfedf2fa6f6b2254d.jpg,round red fruits,"Editorial,Spirituality,Wallpapers"
,,,
,,,
,,,
,,,
,,,
,,,
,,Young tailor measuring length of shoulders with tape measure of her customer while she standing back to her,Fashion & Beauty
https://unsplash.com/photos/jPDRE3C4MbY/download?ixid=M3wxMjA3fDB8MXxhbGx8fHx8fHx8fHwxNzExNDU2ODU2fA&force=true,unsplash_images\a_woman_in_a_white_dress_holding_a_bouquet_of_flowers-bdef5f67db9a0d14acdadf66434612fa6fbb04a7.jpg,a woman in a white dress holding a bouquet of flowers,"Editorial,Fashion & Beauty"
https://unsplash.com/photos/gpeZKwr82fU/download?ixid=M3wxMjA3fDB8MXxhbGx8fHx8fHx8fHwxNzExNDU2ODU3fA&force=true,unsplash_images\a_woman_in_a_white_dress_holding_a_bouquet_of_roses-816a5893d3d851bd6c85745b13827987cedab757.jpg,a woman in a white dress holding a bouquet of roses,Fashion & Beauty
,,a woman wearing red glasses and a colorful sweater,"Editorial,Fashion & Beauty"
,,,
https://unsplash.com/photos/r4Ipa0ec_zc/download?ixid=M3wxMjA3fDB8MXxhbGx8fHx8fHx8fHwxNzExNDU2ODYxfA&force=true,unsplash_images\white_ceramic_mug_on_white_ceramic_saucer_beside_silver_spoon-1835eb3b7a91d2587471f2506b2b6badb4ec3bb7.jpg,white ceramic mug on white ceramic saucer beside silver spoon,Fashion & Beauty
,,,
,,,
,,,
,,,
,,,
,,,
,,,
,,,
,,,
,,,
,,,
,,,
https://unsplash.com/photos/Zvtcdj3_8FM/download?ixid=M3wxMjA3fDB8MXxhbGx8fHx8fHx8fHwxNzExNDU2ODU5fA&force=true,unsplash_images\two_women_sitting_next_to_each_other_with_their_hands_in_the_air-6dd91e2910c0c7adea026f69d0972d2bd07bcb9d.jpg,two women sitting next to each other with their hands in the air,"Editorial,Fashion & Beauty"
https://unsplash.com/photos/tXxfSl61fIQ/download?ixid=M3wxMjA3fDB8MXxhbGx8fHx8fHx8fHwxNzExNDU2ODYwfA&force=true,unsplash_images\a_man_is_sitting_on_a_dock_by_the_water-4de3a8d93500d98395d90c958d47036059ac3445.jpg,a man is sitting on a dock by the water,"People,Travel"
https://unsplash.com/photos/HPWQU85eY2I/download?ixid=M3wxMjA3fDB8MXxhbGx8fHx8fHx8fHwxNzExNDU2ODU3fA&force=true,unsplash_images\a_pregnant_woman_standing_with_her_hands_on_her_stomach-e2c3618b8ab6e7e9467e63c4184eed5ddd40bb11.jpg,a pregnant woman standing with her hands on her stomach,"Editorial,People"
,,a group of people sitting in the back of a truck,People
https://unsplash.com/photos/eh75gelZLWo/download?ixid=M3wxMjA3fDB8MXxhbGx8fHx8fHx8fHwxNzExNDU2ODYwfA&force=true,unsplash_images\woman_behind_banana_leaf-098bf817b5087f9c9fca88b722407555390e44d6.jpg,woman behind banana leaf,"Editorial,People"
https://unsplash.com/photos/-ROfAabMFp8/download?ixid=M3wxMjA3fDB8MXxhbGx8fHx8fHx8fHwxNzExNDU2ODU5fA&force=true,unsplash_images\a_woman_in_a_white_dress_with_her_eyes_closed-a548d60532bdd6c320a73434cf71a938c1cf9fcc.jpg,a woman in a white dress with her eyes closed,"Editorial,People"
,,,
,,,
,,,
,,,
,,,
https://unsplash.com/photos/NNyPa9JT6Ug/download?ixid=M3wxMjA3fDB8MXxhbGx8fHx8fHx8fHwxNzExNDU2ODU2fA&force=true,unsplash_images\woman_in_white_long_sleeve_dress_and_black_hat_standing_on_white_sand_during_daytime-0993281c3900b0e540d1caacd7db193199abd8cd.jpg,woman in white long sleeve dress and black hat standing on white sand during daytime,"Editorial,Fashion & Beauty"
,,,
,,,
,,,
,,,
https://unsplash.com/photos/p6f2pvnriXM/download?ixid=M3wxMjA3fDB8MXxhbGx8fHx8fHx8fHwxNzExNDUzMzA2fA&force=true,unsplash_images\a_bunch_of_blue_flowers_on_a_pink_background-96076bb6081f58dbc9a006ecbf2c60ec1dec710c.jpg,a bunch of blue flowers on a pink background,"Spring,Experimental"
,,a man reaching up to catch a frisbee,Experimental
https://unsplash.com/photos/0D4xJ4Y2Ekg/download?ixid=M3wxMjA3fDB8MXxhbGx8fHx8fHx8fHwxNzExNDU2ODUyfA&force=true,unsplash_images\a_tree_in_a_field_with_a_red_sky_in_the_background-921ca34ed4923e1c4dc4174f3affc73ac0617f8c.jpg,a tree in a field with a red sky in the background,Experimental
,,a woman is holding flowers in her hands,Experimental
https://unsplash.com/photos/vVg9stkkLKM/download?ixid=M3wxMjA3fDB8MXxhbGx8fHx8fHx8fHwxNzExNDU2ODExfA&force=true,unsplash_images\a_blurry_photo_of_a_street_light_at_night-abf3a314d9c29a5edd37ea21503b5c2eff1518be.jpg,a blurry photo of a street light at night,Experimental
https://unsplash.com/photos/ZzU3a0pi6N4/download?ixid=M3wxMjA3fDB8MXxhbGx8fHx8fHx8fHwxNzExNDU2ODEyfA&force=true,unsplash_images\a_woman_in_a_white_dress_holding_a_bouquet_of_roses-ca80ea386bb7c1372cad2301aa8cd2fc14888e54.jpg,a woman in a white dress holding a bouquet of roses,Experimental
https://unsplash.com/photos/UNcXxW0ZFXw/download?ixid=M3wxMjA3fDB8MXxhbGx8fHx8fHx8fHwxNzExNDU2ODExfA&force=true,unsplash_images\a_woman_holding_her_hand_up_to_the_ceiling-e23105f7464ba64f0f84148cfd337012d76e0e88.jpg,a woman holding her hand up to the ceiling,"Editorial,Experimental"
https://unsplash.com/photos/oXwj5zgA7JI/download?ixid=M3wxMjA3fDB8MXxhbGx8fHx8fHx8fHwxNzExNDU2ODU3fA&force=true,unsplash_images\a_woman_sitting_in_front_of_a_yellow_light-f19a5d4b638137b8e2e0002da5073da4b97e9c3d.jpg,a woman sitting in front of a yellow light,"Editorial,Experimental"
,,,
https://unsplash.com/photos/wjeYKNEHIaE/download?ixid=M3wxMjA3fDB8MXxhbGx8fHx8fHx8fHwxNzExNDU2ODExfA&force=true,unsplash_images\person_holding_white_daisy_flowers-0b8ae466a5a69925055ac5bac56fd3c51328aff4.jpg,person holding white daisy flowers,"Editorial,Experimental,Spirituality"
https://unsplash.com/photos/ycw9kUQO-_I/download?ixid=M3wxMjA3fDB8MXxhbGx8fHx8fHx8fHwxNzExNDU2ODYyfA&force=true,unsplash_images\a_bunch_of_pink_flowers_on_a_tree-e64bdb946fcb5cb81e4baef019ee6b04bfae03cb.jpg,a bunch of pink flowers on a tree,"Spring,Nature,Film"
https://unsplash.com/photos/oo3lCPB_8kk/download?ixid=M3wxMjA3fDB8MXxhbGx8fHx8fHx8fHwxNzExNDU2ODYyfA&force=true,unsplash_images\a_bicycle_is_parked_in_the_grass_near_a_fence-441e16ae04c92c3287db91c0c74ed9f8224ba723.jpg,a bicycle is parked in the grass near a fence,Film
https://unsplash.com/photos/z_i_2k2kSIY/download?ixid=M3wxMjA3fDB8MXxhbGx8fHx8fHx8fHwxNzExNDU2ODYzfA&force=true,unsplash_images\a_person_flying_a_kite_over_a_wooden_fence-e29be5c3a572364214b8c8598b151b9b9bea83c6.jpg,a person flying a kite over a wooden fence,Film
https://unsplash.com/photos/zI52Iu3VsEI/download?ixid=M3wxMjA3fDB8MXxhbGx8fHx8fHx8fHwxNzExNDU2ODYzfA&force=true,unsplash_images\an_empty_room_with_a_balcony_and_a_window-63adc020ce59cfdb69f41abc143d2244954f64b6.jpg,an empty room with a balcony and a window,Film
https://unsplash.com/photos/bIE-sJoCFOY/download?ixid=M3wxMjA3fDB8MXxhbGx8fHx8fHx8fHwxNzExNDU2ODYzfA&force=true,unsplash_images\a_vase_of_tulips_sits_in_front_of_a_window-725ec90825e83c6409de205e5ff7be5b49c76382.jpg,a vase of tulips sits in front of a window,Film
https://unsplash.com/photos/_oBNA716Clc/download?ixid=M3wxMjA3fDB8MXxhbGx8fHx8fHx8fHwxNzExNDU2ODYzfA&force=true,unsplash_images\a_close_up_of_a_vase_with_flowers_in_it-d4317a6e0114ab388ce233bb176a44438825293a.jpg,a close up of a vase with flowers in it,Film
https://unsplash.com/photos/bYWOzYEIRzk/download?ixid=M3wxMjA3fDB8MXxhbGx8fHx8fHx8fHwxNzExNDU2ODY0fA&force=true,unsplash_images\a_body_of_water_with_a_city_in_the_background-7c2e12d60568db3020eb36e6aead3a24e18fad8d.jpg,a body of water with a city in the background,Film
https://unsplash.com/photos/8Huupxy3Z8c/download?ixid=M3wxMjA3fDB8MXxhbGx8fHx8fHx8fHwxNzExNDU2ODY0fA&force=true,unsplash_images\a_view_of_a_body_of_water_from_under_a_bridge-7a931ec2fae21f5ea2ac0439787130c407882e6f.jpg,a view of a body of water from under a bridge,Film
https://unsplash.com/photos/gkwO2aRgD6c/download?ixid=M3wxMjA3fDB8MXxhbGx8fHx8fHx8fHwxNzExNDUzNjcwfA&force=true,unsplash_images\a_group_of_kites_flying_in_the_sky_over_a_city-b5adf33a5a325ffa4041dae545e13303f471cc84.jpg,a group of kites flying in the sky over a city,Film
https://unsplash.com/photos/DwvWONUD1qM/download?ixid=M3wxMjA3fDB8MXxhbGx8fHx8fHx8fHwxNzExNDU2ODUzfA&force=true,unsplash_images\a_building_with_a_large_window_and_a_lamp_on_the_outside_of_it-8d0455469c31bd009330caf305aaa5c4ba0e4abe.jpg,a building with a large window and a lamp on the outside of it,Experimental
https://unsplash.com/photos/Rk7JsfYixck/download?ixid=M3wxMjA3fDB8MXxhbGx8fHx8fHx8fHwxNzExNDUzNjEwfA&force=true,unsplash_images\a_couple_of_people_sitting_on_a_bench_next_to_a_body_of_water-4eb773bd1badbbba32feb783f7a36ce2b343c7b1.jpg,a couple of people sitting on a bench next to a body of water,Film
https://unsplash.com/photos/ddXrRsyl_kg/download?ixid=M3wxMjA3fDB8MXxhbGx8fHx8fHx8fHwxNzExNDUzNjExfA&force=true,unsplash_images\a_group_of_people_standing_around_in_a_building-8caffa2a565cf48373eabce1cea203414b647f91.jpg,a group of people standing around in a building,Film
https://unsplash.com/photos/EJDTLGQWp-A/download?ixid=M3wxMjA3fDB8MXxhbGx8fHx8fHx8fHwxNzExNDUzNzMwfA&force=true,unsplash_images\a_group_of_people_standing_around_a_statue-6905c2ec69a524030e1643e5cd3e8d4ba5ac535f.jpg,a group of people standing around a statue,Film
https://unsplash.com/photos/Gg_SxrZGaL8/download?ixid=M3wxMjA3fDB8MXxhbGx8fHx8fHx8fHwxNzExNDU2ODU5fA&force=true,unsplash_images\a_person_wearing_a_hat-0d9b7812bbe82538cbb875daeb59e5261f351c90.jpg,a person wearing a hat,"Editorial,Fashion & Beauty"
https://unsplash.com/photos/FoYigO7WZ54/download?ixid=M3wxMjA3fDB8MXxhbGx8fHx8fHx8fHwxNzExNDUzNjA5fA&force=true,unsplash_images\a_view_of_a_body_of_water_from_a_hill-2f3397567cf7dde7fff4c6d9bede9943b71e6719.jpg,a view of a body of water from a hill,"Film,Earth Hour"
https://unsplash.com/photos/X9JXLtHet_k/download?ixid=M3wxMjA3fDB8MXxhbGx8fHx8fHx8fHwxNzExNDUzNjEwfA&force=true,unsplash_images\a_sticker_on_a_pole_with_a_message_on_it-0c5c5ab6838ee1d4750d1f24bd7bc7fc8b80c483.jpg,a sticker on a pole with a message on it,Film
https://unsplash.com/photos/eoNpk-5a3l0/download?ixid=M3wxMjA3fDB8MXxhbGx8fHx8fHx8fHwxNzExNDU2ODY0fA&force=true,unsplash_images\a_group_of_people_sitting_on_top_of_a_sandy_beach-64d0fd208d5eb3436ab52e93e01d1adac1179b25.jpg,a group of people sitting on top of a sandy beach,"Editorial,Film"
,,,
https://unsplash.com/photos/ivQnHFgFXC8/download?ixid=M3wxMjA3fDB8MXxhbGx8fHx8fHx8fHwxNzExNDUzNjEyfA&force=true,unsplash_images\a_scooter_parked_on_the_side_of_a_street-5f87529457cef891af904d9de8b5fe9f4ef5434d.jpg,a scooter parked on the side of a street,Film
,,,
,,,
https://unsplash.com/photos/NkX80nZ-ST0/download?ixid=M3wxMjA3fDB8MXxhbGx8fHx8fHx8fHwxNzExNDU0ODM5fA&force=true,unsplash_images\a_view_of_a_body_of_water_from_a_building-8b706bf05fd916c69132ed0b69160a90f978b228.jpg,a view of a body of water from a building,"Editorial,Film"
,,,
https://unsplash.com/photos/AIPhgc6MMts/download?ixid=M3wxMjA3fDB8MXxhbGx8fHx8fHx8fHwxNzExNDU2ODUzfA&force=true,unsplash_images\a_painting_of_a_courtyard_with_potted_plants-0ae580a42e603503588e987ea193353f84209048.jpg,a painting of a courtyard with potted plants,Archival
https://unsplash.com/photos/x2ltHz_7Hqk/download?ixid=M3wxMjA3fDB8MXxhbGx8fHx8fHx8fHwxNzExNDU2ODU0fA&force=true,unsplash_images\a_black_and_white_photo_of_a_man_in_a_suit-c37941895927a556b6a0fbe3c6269647ecc47c56.jpg,a black and white photo of a man in a suit,Archival
https://unsplash.com/photos/Sh3FPP0uOug/download?ixid=M3wxMjA3fDB8MXxhbGx8fHx8fHx8fHwxNzExNDU2ODU1fA&force=true,unsplash_images\people_working_on_windmill_painting-b1c4d0ad2994e9cca149e55b8f4ed375f25663f4.jpg,people working on windmill painting,Archival
https://unsplash.com/photos/JMQ41cM7Z-E/download?ixid=M3wxMjA3fDB8MXxhbGx8fHx8fHx8fHwxNzExNDUzNDYwfA&force=true,unsplash_images\a_narrow_alley_way_with_a_potted_plant_in_the_middle-9308f407c9bf8c975c7015b788d9e77dad8b4106.jpg,a narrow alley way with a potted plant in the middle,"Editorial,Travel,Film"
https://unsplash.com/photos/s05PN5OADNk/download?ixid=M3wxMjA3fDB8MXxhbGx8fHx8fHx8fHwxNzExNDU2ODU2fA&force=true,unsplash_images\blue_and_gray_Crested_fireback_pheasant-65038ed5907e3957cd2815f6cc90a541d6b705dd.jpg,blue and gray Crested fireback pheasant,Archival
https://unsplash.com/photos/IAu-o8X5FZU/download?ixid=M3wxMjA3fDB8MXxhbGx8fHx8fHx8fHwxNzExNDU2ODU3fA&force=true,unsplash_images\a_painting_of_a_woman_sitting_on_a_bed-4f56ef1eed96bb6bbf74e95abbee4890aa36c34e.jpg,a painting of a woman sitting on a bed,"Editorial,Archival"
https://unsplash.com/photos/RhgVFRlhU8Q/download?ixid=M3wxMjA3fDB8MXxhbGx8fHx8fHx8fHwxNzExNDU2ODU3fA&force=true,unsplash_images\brown_and_white_map_illustration-8b584f3a6d22ed3a8c35e12f417bd523ad23e3e7.jpg,brown and white map illustration,Archival
https://unsplash.com/photos/KZTqkfAJ38E/download?ixid=M3wxMjA3fDB8MXxhbGx8fHx8fHx8fHwxNzExNDU2ODYxfA&force=true,unsplash_images\a_painting_of_a_building_with_a_bench_in_front_of_it-32403cfe35cad70d2c9aa1ebc62db42df205a893.jpg,a painting of a building with a bench in front of it,Archival
https://unsplash.com/photos/MqQkxwduEe8/download?ixid=M3wxMjA3fDB8MXxhbGx8fHx8fHx8fHwxNzExNDU2ODYwfA&force=true,unsplash_images\white_and_orange_bird_on_green_and_black_floral_textile-933f8fad53f58662f4c70737b133a0b5b2c6ed1d.jpg,white and orange bird on green and black floral textile,"Editorial,Archival"
https://unsplash.com/photos/ck3qyxoSga4/download?ixid=M3wxMjA3fDB8MXxhbGx8fHx8fHx8fHwxNzExNDU2ODYxfA&force=true,unsplash_images\a_very_large_spiral_object_in_the_middle_of_the_night_sky-6f221c7927673f89844863dd7c60e9fbf62b2336.jpg,a very large spiral object in the middle of the night sky,Archival
https://unsplash.com/photos/2EzQsIkPnKc/download?ixid=M3wxMjA3fDB8MXxhbGx8fHx8fHx8fHwxNzExNDU2ODYxfA&force=true,unsplash_images\a_drawing_of_a_snake_on_a_white_background-ec1eeab43c5ffaab253489be4b885a89285e2b2e.jpg,a drawing of a snake on a white background,"Editorial,Archival"
https://unsplash.com/photos/HOdES0M0BIs/download?ixid=M3wxMjA3fDB8MXxhbGx8fHx8fHx8fHwxNzExNDU2ODYyfA&force=true,unsplash_images\a_painting_of_a_wooded_area_with_trees-b38e4babc9c2ec8a36db297563b056b41ef36d00.jpg,a painting of a wooded area with trees,"Editorial,Archival"
https://unsplash.com/photos/C-g53C-wWzM/download?ixid=M3wxMjA3fDB8MXxhbGx8fHx8fHx8fHwxNzExNDU2ODYyfA&force=true,unsplash_images\brown_and_black_owl_on_tree_branch_painting-b67abf082baed351052197c527407c85923bccd2.jpg,brown and black owl on tree branch painting,"Editorial,Archival"
,,,
https://unsplash.com/photos/s9LUPztrlig/download?ixid=M3wxMjA3fDB8MXxhbGx8fHx8fHx8fHwxNzExNDU2ODYyfA&force=true,unsplash_images\a_painting_of_a_mountain_landscape_with_a_river_in_the_foreground-a59e412f2c1d5a52a6d11beb2cf70f716edf212b.jpg,a painting of a mountain landscape with a river in the foreground,Archival
,,,
,,,
,,,
,,,
,,,
https://unsplash.com/photos/Moiprruv4Rw/download?ixid=M3wxMjA3fDB8MXxhbGx8fHx8fHx8fHwxNzExNDUzOTM2fA&force=true,unsplash_images\brown_and_black_wooden_surface-031d428952e895f0549079873ac57cb4cc79ff8c.jpg,brown and black wooden surface,"Editorial,Wallpapers,Textures & Patterns"
,,,
,,a small tree with lots of leaves in a foggy area,"Editorial,Textures & Patterns"
https://unsplash.com/photos/5zD4qQBcWy0/download?ixid=M3wxMjA3fDB8MXxhbGx8fHx8fHx8fHwxNzExNDU2ODUzfA&force=true,unsplash_images\a_close_up_of_a_bunch_of_pine_cones-cfd2105e9367f084bf30258583c905972e65cd3c.jpg,a close up of a bunch of pine cones,"Earth Hour,Textures & Patterns"
https://unsplash.com/photos/gGX1fJkmw3k/download?ixid=M3wxMjA3fDB8MXxhbGx8fHx8fHx8fHwxNzExNDU2NzcyfA&force=true,unsplash_images\assortedcolor_jellyfish_painting-cae02d452afbcb4ffbac4c6b63cdfdc90e8aed86.jpg,assorted-color jellyfish painting,"Editorial,Wallpapers,Animals"
https://unsplash.com/photos/loVP4fZuoms/download?ixid=M3wxMjA3fDB8MXxhbGx8fHx8fHx8fHwxNzExNDU0ODIxfA&force=true,unsplash_images\a_bunch_of_purple_and_white_flowers_in_a_field-dcf54874b8a0642006ffd97c2f878dd43a143e3f.jpg,a bunch of purple and white flowers in a field,"Editorial,Spring,Experimental"
https://unsplash.com/photos/pa-_g6gR_CM/download?ixid=M3wxMjA3fDB8MXxhbGx8fHx8fHx8fHwxNzExNDU2ODU2fA&force=true,unsplash_images\an_abstract_image_of_a_circular_object_with_a_black_background-0d43695f50722d82072abc836cf1b2d468b67823.jpg,an abstract image of a circular object with a black background,"Editorial,Textures & Patterns"
https://unsplash.com/photos/eabfvYm3YNw/download?ixid=M3wxMjA3fDB8MXxhbGx8fHx8fHx8fHwxNzExNDU2ODU2fA&force=true,unsplash_images\a_plane_flying_in_the_sky_with_a_lot_of_clouds-137b6c1637b72d6c121d7753f39e78b55778e3c8.jpg,a plane flying in the sky with a lot of clouds,"Editorial,Nature,Earth Hour"
,,a close up of a bed with brown sheets,"Editorial,Textures & Patterns"
,,a close up of a fur,"Editorial,Textures & Patterns"
https://unsplash.com/photos/3QnxG2L5wDQ/download?ixid=M3wxMjA3fDB8MXxhbGx8fHx8fHx8fHwxNzExNDU2ODU0fA&force=true,unsplash_images\happy_st_patricks_day_signage-df63799fbbb65b9419ed76936a15fe3a7770a05d.jpg,happy st patricks day signage,Archival
https://unsplash.com/photos/V9cKirFNGWY/download?ixid=M3wxMjA3fDB8MXxhbGx8fHx8fHx8fHwxNzExNDU2ODU3fA&force=true,unsplash_images\a_close_up_of_a_plant_with_lots_of_leaves-174144c7bd16f122430478a2e841c97152fbbef7.jpg,a close up of a plant with lots of leaves,"Editorial,Textures & Patterns"
https://unsplash.com/photos/XlHpq7r-Dw8/download?ixid=M3wxMjA3fDB8MXxhbGx8fHx8fHx8fHwxNzExNDU2ODU5fA&force=true,unsplash_images\background_pattern-98ccbbea42eb85982c992443e1e56d57d014c189.jpg,background pattern,"Editorial,Textures & Patterns"
,,a bird's eye view of a sandy beach,"Editorial,Textures & Patterns"
,,,
,,,
,,,
https://unsplash.com/photos/7UDy3l1kIQQ/download?ixid=M3wxMjA3fDB8MXxhbGx8fHx8fHx8fHwxNzExNDU2ODYxfA&force=true,unsplash_images\brown_and_white_plant_during_daytime-a8236c31cfea34717d5abe95d1e2ce2960e4c819.jpg,brown and white plant during daytime,"Editorial,Textures & Patterns"
,,,
,,,
https://unsplash.com/photos/NBAW184KV6o/download?ixid=M3wxMjA3fDB8MXxhbGx8fHx8fHx8fHwxNzExNDUzNzk0fA&force=true,unsplash_images\a_group_of_people_walking_under_a_bridge-c3652ff0c192cbf91349954db0b9b55ee5467f5c.jpg,a group of people walking under a bridge,"Editorial,Street Photography"
https://unsplash.com/photos/RrYKQ5xBsqU/download?ixid=M3wxMjA3fDB8MXxhbGx8fHx8fHx8fHwxNzExNDUzNDgxfA&force=true,unsplash_images\suffrage_banner-b35b092f5b5c86c2260babfb069974a9f6b62776.jpg,suffrage banner,Archival
https://unsplash.com/photos/3-1wQY_xYr4/download?ixid=M3wxMjA3fDB8MXxhbGx8fHx8fHx8fHwxNzExNDU1NDQ5fA&force=true,unsplash_images\a_train_traveling_past_a_train_station_next_to_a_street-5220648b5f3629f2537486ccdef43213a3994f63.jpg,a train traveling past a train station next to a street,Street Photography
https://unsplash.com/photos/lInRlBpzVqg/download?ixid=M3wxMjA3fDB8MXxhbGx8fHx8fHx8fHwxNzExNDU2ODUzfA&force=true,unsplash_images\a_man_sitting_on_a_motorcycle_in_front_of_a_store-b3e116c37161f6a0ee7a559c168a4c4878f286df.jpg,a man sitting on a motorcycle in front of a store,Street Photography
https://unsplash.com/photos/IVIhvQe2lWM/download?ixid=M3wxMjA3fDB8MXxhbGx8fHx8fHx8fHwxNzExNDU2ODU0fA&force=true,unsplash_images\a_group_of_people_crossing_a_street_in_a_city-dfa60b69b4713d20b132afe68b3d3111d9836f7e.jpg,a group of people crossing a street in a city,"Street Photography,Travel"
https://unsplash.com/photos/xHTz-LsPft8/download?ixid=M3wxMjA3fDB8MXxhbGx8fHx8fHx8fHwxNzExNDU2ODU2fA&force=true,unsplash_images\a_group_of_people_standing_next_to_a_train-2814899eb6463bd29d6cff8ffa73f1be934b61d0.jpg,a group of people standing next to a train,Street Photography
https://unsplash.com/photos/8nz9TZL9PlY/download?ixid=M3wxMjA3fDB8MXxhbGx8fHx8fHx8fHwxNzExNDU2ODU2fA&force=true,unsplash_images\a_person_walking_out_of_a_building-79b9a952392f9940bca0b710cb612af7b3771468.jpg,a person walking out of a building,Street Photography
https://unsplash.com/photos/hlhLLWQZ-hg/download?ixid=M3wxMjA3fDB8MXxhbGx8fHx8fHx8fHwxNzExNDU2ODU3fA&force=true,unsplash_images\a_man_riding_a_bike_past_a_tall_red_building-8ad128b006da764c417b42e3d3074d93009a7d99.jpg,a man riding a bike past a tall red building,Street Photography
https://unsplash.com/photos/4xG0UQkXX88/download?ixid=M3wxMjA3fDB8MXxhbGx8fHx8fHx8fHwxNzExNDU2ODU5fA&force=true,unsplash_images\a_couple_of_buses_that_are_sitting_in_the_street-50bd66df0f4d9fd7918ab3b4bb634dc0b5894d7f.jpg,a couple of buses that are sitting in the street,Street Photography
https://unsplash.com/photos/3Fx3uPWS3cM/download?ixid=M3wxMjA3fDB8MXxhbGx8fHx8fHx8fHwxNzExNDU2ODYwfA&force=true,unsplash_images\a_couple_of_cars_that_are_sitting_in_the_street-a5edb6fdd86f7d98d98e1f6fbe795cdf259cf5b8.jpg,a couple of cars that are sitting in the street,Street Photography
https://unsplash.com/photos/F6mBll2j-pk/download?ixid=M3wxMjA3fDB8MXxhbGx8fHx8fHx8fHwxNzExNDU2ODYwfA&force=true,unsplash_images\a_subway_station_with_posters_on_the_wall-38eb9166ed369a40538c6c691c7233f59a730cfe.jpg,a subway station with posters on the wall,Street Photography
https://unsplash.com/photos/LAadii3dGQM/download?ixid=M3wxMjA3fDB8MXxhbGx8fHx8fHx8fHwxNzExNDU2ODYxfA&force=true,unsplash_images\a_brown_abstract_background_with_wavy_lines-d7f0766f4ce7354610fa3ce1d80a8cb0e1cf5dd3.jpg,a brown abstract background with wavy lines,"Editorial,Textures & Patterns"
https://unsplash.com/photos/1ZDOPo9rAWc/download?ixid=M3wxMjA3fDB8MXxhbGx8fHx8fHx8fHwxNzExNDU2ODYxfA&force=true,unsplash_images\a_bicycle_is_parked_in_front_of_a_building-023666b73e173bfbafa0aa6f7eb1d5acc62944d2.jpg,a bicycle is parked in front of a building,"Architecture & Interiors,Street Photography"
https://unsplash.com/photos/nM5sc-sEzy0/download?ixid=M3wxMjA3fDB8MXxhbGx8fHx8fHx8fHwxNzExNDU2ODYxfA&force=true,unsplash_images\an_entrance_to_a_tunnel_with_a_sign_on_it-84ad9ea7520182a9155144b5cd8990d24a64fb4f.jpg,an entrance to a tunnel with a sign on it,Street Photography
https://unsplash.com/photos/DoE1otWp6uI/download?ixid=M3wxMjA3fDB8MXxhbGx8fHx8fHx8fHwxNzExNDU2ODYxfA&force=true,unsplash_images\a_sign_with_a_picture_of_a_man_and_a_child_on_it-09ac99c66336beaef7deb793c2a03d2038d8d2ed.jpg,a sign with a picture of a man and a child on it,Street Photography
,,,
https://unsplash.com/photos/8L522SBGpm4/download?ixid=M3wxMjA3fDB8MXxhbGx8fHx8fHx8fHwxNzExNDU2ODU3fA&force=true,unsplash_images\a_row_of_arches_on_the_side_of_a_building-182657e1f50cda8528bcfd93f29342e6656791d9.jpg,a row of arches on the side of a building,Architecture & Interiors
https://unsplash.com/photos/QqsgfWoecnk/download?ixid=M3wxMjA3fDB8MXxhbGx8fHx8fHx8fHwxNzExNDU2ODQ5fA&force=true,unsplash_images\a_staircase_with_a_bunch_of_cages_on_it-6e6cf8975bd46ea6dc8af4394ca83f610506b12d.jpg,a staircase with a bunch of cages on it,Architecture & Interiors
,,,
,,,
,,,
,,,
,,,
,,,
,,,
,,,
,,,
https://unsplash.com/photos/lCmUED34m2M/download?ixid=M3wxMjA3fDB8MXxhbGx8fHx8fHx8fHwxNzExNDU2ODU1fA&force=true,unsplash_images\a_van_is_parked_in_front_of_a_mountain-4855b71cda03807c2ed3483be2294c9e027390b7.jpg,a van is parked in front of a mountain,"Editorial,Travel"
https://unsplash.com/photos/gkb_AZLTgr8/download?ixid=M3wxMjA3fDB8MXxhbGx8fHx8fHx8fHwxNzExNDU2ODU2fA&force=true,unsplash_images\a_person_standing_on_top_of_a_white_mountain-0d3a52d34ee955a91ea9f528ffca90dddb75c72b.jpg,a person standing on top of a white mountain,"Editorial,Travel"
https://unsplash.com/photos/EgUdtd2QO-s/download?ixid=M3wxMjA3fDB8MXxhbGx8fHx8fHx8fHwxNzExNDU2ODU3fA&force=true,unsplash_images\a_large_white_building_with_a_steeple_on_top-f6036d17cd01901061ac2fc1191fcd5fc8dfecf9.jpg,a large white building with a steeple on top,"Editorial,Travel"
https://unsplash.com/photos/P6Gf17gJ6AA/download?ixid=M3wxMjA3fDB8MXxhbGx8fHx8fHx8fHwxNzExNDQ4NzMyfA&force=true,unsplash_images\an_airplane_is_flying_in_the_sky_at_night-f3e5cf114cc199d5342e4e7a7f5c5a25c56a3049.jpg,an airplane is flying in the sky at night,Travel
https://unsplash.com/photos/Q-HczMVwfS8/download?ixid=M3wxMjA3fDB8MXxhbGx8fHx8fHx8fHwxNzExNDU2ODU5fA&force=true,unsplash_images\a_man_sitting_on_a_rock_with_a_camera-f7d85a9f8cf1ea463056f2225b246640e232471f.jpg,a man sitting on a rock with a camera,Travel
https://unsplash.com/photos/ItU9EYNkuIc/download?ixid=M3wxMjA3fDB8MXxhbGx8fHx8fHx8fHwxNzExNDU2ODYxfA&force=true,unsplash_images\a_full_moon_rising_over_a_city_at_night-eb32dde68ac756a3597a6f26f538ee716702ac6d.jpg,a full moon rising over a city at night,Travel
https://unsplash.com/photos/ErBPEsxp0_c/download?ixid=M3wxMjA3fDB8MXxhbGx8fHx8fHx8fHwxNzExNDU2ODYxfA&force=true,unsplash_images\a_city_street_filled_with_lots_of_traffic_next_to_tall_buildings-0e66770406d517f10aa4cf8bf04a71bd0071ecdc.jpg,a city street filled with lots of traffic next to tall buildings,Travel
https://unsplash.com/photos/MJ8TW_0ngOA/download?ixid=M3wxMjA3fDB8MXxhbGx8fHx8fHx8fHwxNzExNDU2ODQ5fA&force=true,unsplash_images\a_woman_walking_down_a_street_next_to_a_tall_building-fae810c5b6f065b0c6eb9383d661690fc08db899.jpg,a woman walking down a street next to a tall building,"Editorial,Architecture & Interiors,Street Photography"
https://unsplash.com/photos/id1dblyClMk/download?ixid=M3wxMjA3fDB8MXxhbGx8fHx8fHx8fHwxNzExNDU2ODQ5fA&force=true,unsplash_images\a_large_building_with_a_clock_on_the_top_of_it-b033bc23b693af7e643f418bc87ef82608b36b53.jpg,a large building with a clock on the top of it,Architecture & Interiors
https://unsplash.com/photos/g9myERGEar8/download?ixid=M3wxMjA3fDB8MXxhbGx8fHx8fHx8fHwxNzExNDU2ODQ5fA&force=true,unsplash_images\a_room_with_a_lot_of_pillows_on_the_floor-7b987d000fdd278134269607ed173f0f2640443e.jpg,a room with a lot of pillows on the floor,"Architecture & Interiors,Travel"
https://unsplash.com/photos/6CUYzFIc7W0/download?ixid=M3wxMjA3fDB8MXxhbGx8fHx8fHx8fHwxNzExNDU2ODQ5fA&force=true,unsplash_images\black_and_white_concrete_building_under_blue_sky_during_daytime-89484f33861ca117d8ed88c3fffe635d623d3fd3.jpg,black and white concrete building under blue sky during daytime,Architecture & Interiors
https://unsplash.com/photos/pBZBbCqyW8M/download?ixid=M3wxMjA3fDB8MXxhbGx8fHx8fHx8fHwxNzExNDU2ODUwfA&force=true,unsplash_images\a_room_that_is_under_construction_with_concrete_walls-627361a40731256df6b721d16f370e280f4c880e.jpg,a room that is under construction with concrete walls,Architecture & Interiors
https://unsplash.com/photos/rr5zE4Cpvns/download?ixid=M3wxMjA3fDB8MXxhbGx8fHx8fHx8fHwxNzExNDU2ODU1fA&force=true,unsplash_images\a_person_walking_up_a_set_of_stairs-49dc8cbce8978134360f6e9aa3227b811f2b521f.jpg,a person walking up a set of stairs,Street Photography
https://unsplash.com/photos/eqASFeRd10U/download?ixid=M3wxMjA3fDB8MXxhbGx8fHx8fHx8fHwxNzExNDU2ODUxfA&force=true,unsplash_images\a_tall_building_with_a_lot_of_windows_next_to_it-94a1423ce97a5963ea6b454111c64fc59a7f5626.jpg,a tall building with a lot of windows next to it,Architecture & Interiors
https://unsplash.com/photos/QheFsBzKEKk/download?ixid=M3wxMjA3fDB8MXxhbGx8fHx8fHx8fHwxNzExNDU2ODUxfA&force=true,unsplash_images\a_black_and_white_photo_of_a_row_of_houses-86ac1e5e603ee3f3a72cf860cfba0610923b7532.jpg,a black and white photo of a row of houses,Architecture & Interiors
https://unsplash.com/photos/HmWSnwP3TFE/download?ixid=M3wxMjA3fDB8MXxhbGx8fHx8fHx8fHwxNzExNDU2ODUxfA&force=true,unsplash_images\a_restaurant_with_wooden_tables_and_chairs_in_front_of_a_window-69bc75599cd5c0b90ef27f323213291fb56daeed.jpg,a restaurant with wooden tables and chairs in front of a window,Architecture & Interiors
https://unsplash.com/photos/xRPoK4-5088/download?ixid=M3wxMjA3fDB8MXxhbGx8fHx8fHx8fHwxNzExNDU2ODUzfA&force=true,unsplash_images\an_aerial_view_of_a_city_with_tall_buildings-01ac84af0acaa8934ccc090dc47acfb2fbbc4d11.jpg,an aerial view of a city with tall buildings,Architecture & Interiors
https://unsplash.com/photos/QF1WnYxnYt4/download?ixid=M3wxMjA3fDB8MXxhbGx8fHx8fHx8fHwxNzExNDU2ODUyfA&force=true,unsplash_images\a_very_tall_building_with_lots_of_windows-0128dcd58e3c49d1d969ac5d792b15f012e755c5.jpg,a very tall building with lots of windows,Architecture & Interiors
https://unsplash.com/photos/P-r3ZmwSynY/download?ixid=M3wxMjA3fDB8MXxhbGx8fHx8fHx8fHwxNzExNDU2ODUzfA&force=true,unsplash_images\a_building_with_a_clock_on_the_side_of_it-0df98ba714ee8616bd2f06f4a6c04d3f0b60e907.jpg,a building with a clock on the side of it,Architecture & Interiors
https://unsplash.com/photos/6tdiZmDxWQc/download?ixid=M3wxMjA3fDB8MXxhbGx8fHx8fHx8fHwxNzExNDU2ODU0fA&force=true,unsplash_images\a_brown_leather_couch_with_a_black_and_white_pillow-92e4c36c6faa3807bdaf57ec821d4bd5bdac6552.jpg,a brown leather couch with a black and white pillow,Architecture & Interiors
https://unsplash.com/photos/uXTdcmmqU7M/download?ixid=M3wxMjA3fDB8MXxhbGx8fHx8fHx8fHwxNzExNDU2ODU0fA&force=true,unsplash_images\a_couple_of_buildings_that_are_next_to_each_other-83813305dabed152b3cfcdec95d19a7380e79e9f.jpg,a couple of buildings that are next to each other,Architecture & Interiors
https://unsplash.com/photos/X6Y4Ab1BK1w/download?ixid=M3wxMjA3fDB8MXxhbGx8fHx8fHx8fHwxNzExNDU2ODU4fA&force=true,unsplash_images\a_couple_of_tall_buildings_next_to_each_other-799efe846e7163bedd7da231ec360964b1c9988c.jpg,a couple of tall buildings next to each other,Architecture & Interiors
https://unsplash.com/photos/5e5ITg3zWy8/download?ixid=M3wxMjA3fDB8MXxhbGx8fHx8fHx8fHwxNzExNDUzMjg4fA&force=true,unsplash_images\a_couple_of_buildings_that_are_next_to_each_other-9f98895848b41e49b414d69104133a6b012a5a7d.jpg,a couple of buildings that are next to each other,Architecture & Interiors
https://unsplash.com/photos/bGJty_jacmI/download?ixid=M3wxMjA3fDB8MXxhbGx8fHx8fHx8fHwxNzExNDU2ODU1fA&force=true,unsplash_images\a_brown_leather_couch_with_a_black_and_white_pillow-d077bc252ba5856ce57d3087425304bf1e95cbed.jpg,a brown leather couch with a black and white pillow,Architecture & Interiors
https://unsplash.com/photos/qAakKPdOsWk/download?ixid=M3wxMjA3fDB8MXxhbGx8fHx8fHx8fHwxNzExNDU2ODUyfA&force=true,unsplash_images\a_city_with_lots_of_houses_on_top_of_it-4a2e95b3dc5446e92f458101e54ba6509e3464ac.jpg,a city with lots of houses on top of it,Architecture & Interiors
